step,fair_price,internal_price_estimate,p_low,p_high,bid_fee_bps,ask_fee_bps,internal_times_1_minus_bid,internal_times_1_plus_ask,rel_error_bps,in_user_band,in_filter_band,status
0,100.0,100.14009804574935,99.72976513693314,100.29999999999998,31.999999999999996,28.94025121470364,99.81964973200296,100.42990600516026,14.000000000001275,True,True,ok
1,99.83181263869632,100.14009804574935,99.72976513693314,100.29999999999998,31.999999999999996,28.94025121470364,99.81964973200296,100.42990600516026,30.83289550303134,True,True,ok
2,99.67839436360673,99.999864349645,99.67839436360671,100.2886270150551,30.27203917327386,30.236230220931056,99.69714436855354,100.30222624169876,32.19882483454294,False,True,bad
3,99.8426241003642,99.999864349645,99.67839436360671,100.2886270150551,30.27203917327386,30.236230220931056,99.69714436855354,100.30222624169876,15.736421513646945,True,True,ok
4,99.81775621291175,99.99935973193968,99.40115289754827,100.56834375044649,30.4705267925966,30.39765262902255,99.69465641494422,100.30333431196529,18.17697830049158,True,True,ok
5,99.83778655022516,99.85945858197046,99.23101684976072,99.83778655022518,30.11617524937056,30.077037960686038,99.55872008647427,100.1598062546208,2.1704888133066715,True,True,good
6,99.88589919778433,99.7402365748098,99.28555864689034,99.88589919778434,30.017820766689095,29.96783137215962,99.44083812033682,100.03913643387912,14.59354490457217,True,True,ok
7,99.90120370558397,99.75726804681258,99.3028385004605,99.90120370558397,30.50301409403851,30.484300535392546,99.45297831149111,100.06137110078545,14.418189465542444,True,True,ok
8,100.04203460294946,99.89548724654254,99.43283535281273,100.04203460294947,30.939034711691924,30.91998886515821,99.58642025179633,100.20436398187681,14.659317700343802,True,True,ok
9,100.0454739906732,99.75573141630534,99.33269043957475,99.95001531854638,31.45293569501714,31.43912265602188,99.4419703557607,100.0693546838692,29.003106050578246,True,False,ok
10,100.06520297664015,99.89432681438001,99.43686181565323,100.06520297664017,30.19026384318977,30.162922326005543,99.59274320608361,100.19563729643107,17.09107878314619,True,True,ok
11,99.91246127540013,99.75457260761114,99.31302834491584,99.91513818470501,30.84779727703703,30.830846820826622,99.44685172428544,100.06212440238536,15.815199697996203,True,True,ok
12,99.99262688241636,99.83941996147705,99.37683691141683,99.99262688241636,22.393011723559965,23.840322146866715,99.61584943130997,100.07744035496084,15.33357170455578,True,True,ok
13,99.95253665671771,99.83941996147705,99.37683691141683,99.99262688241636,22.393011723559965,23.840322146866715,99.61584943130997,100.07744035496084,11.323449576441917,True,True,good
14,100.03152588873687,99.92046399022146,99.56958082025501,100.03152588873687,19.683915287949485,20.840322146866715,99.72378139534986,100.12870145608352,11.108857681697783,True,True,good
15,100.05654516501023,99.95833718913582,99.65148409678761,100.05654516501025,22.358264918649542,14.840322146866717,99.73484769076558,100.10667858165101,9.820067648031586,True,True,good
16,99.97388834514528,99.95833718913582,99.65148409678761,100.05654516501025,22.358264918649542,14.840322146866717,99.73484769076558,100.10667858165101,1.5556427683708751,True,True,good
17,100.07719565982246,99.95438822655196,99.31944802427141,100.39104543607509,18.217264852705256,18.21001908426844,99.77229867020063,100.13640535826815,12.278805807976164,True,True,ok
18,100.13557486812107,100.04499066603852,99.77114035282202,100.13557486812105,16.037179854311255,17.967138925854297,99.8845467151551,100.22474289065177,9.050250010407444,True,False,ok
19,100.11344546636744,100.03099802961286,99.77330498410822,100.11344546636741,15.005889176300297,17.967138925854297,99.88089262255015,100.21072511346185,8.238793940823495,True,False,ok
20,100.0115430175656,100.03099802961286,99.77330498410822,100.11344546636741,15.005889176300297,17.967138925854297,99.88089262255015,100.21072511346185,1.9450874805683345,True,True,good
21,99.98132429804349,99.89105261701796,99.73520152331338,100.06487593211881,18.005889176300297,14.967138925854297,99.71118989470536,100.04056094321484,9.03293277008448,True,True,good
22,99.88417390966177,99.8913181091543,99.47184548484186,100.32980204449944,15.005889176300297,17.967138925854297,99.74142230423224,100.07079422814968,0.7152228157101931,True,True,good
23,99.92738125027716,100.0065561853454,99.92738125027715,100.25769090859231,18.005889176300297,14.967138925854297,99.82648548858772,100.15623738733764,7.920110034593197,True,True,good
24,99.75791687241569,99.86664496739066,99.75791687241569,100.08766648347655,19.06245234534595,13.071006976941826,99.6762746513326,99.99718072870391,10.893259298812758,True,True,good
25,100.03476597428987,100.00369442570533,99.76023365945409,100.08158103203506,20.773776031499068,14.76940359032588,99.79594899067312,100.15139391805504,3.1065574862242937,True,True,good
26,100.12666195291955,100.03900550664633,99.7710871647487,100.12666195291955,17.954250212194946,16.09362718627764,99.85939297306179,100.20000455251733,8.75839028631839,True,True,good
27,99.99357893239292,100.07539188033486,99.99357893239291,100.33490808058147,18.297472715009803,13.09362718627764,99.89227920509742,100.20642686751503,8.178474869922518,True,True,good
28,100.0667984022594,100.2155955486352,100.0041404168038,100.31881185720607,17.718779891777977,11.715410194185042,100.03802574071024,100.33300222960588,14.858737287586886,True,True,ok
29,100.06716708468291,100.33013388967748,100.10577456120413,100.40108861856231,19.877873101284816,13.87228991866848,100.13069892270809,100.46931476016712,26.244560645664453,False,False,bad
30,99.9609806902627,100.18976997989489,99.9609806902627,100.29921560128389,21.905472753159746,15.901915891954001,99.97029955225089,100.34909090944033,22.861706839954767,False,True,bad
31,99.9593766071862,100.18976997989489,99.9609806902627,100.29921560128389,21.905472753159746,15.901915891954001,99.97029955225089,100.34909090944033,23.022179049810966,False,False,bad
32,99.93533851370407,100.18751072963273,99.5617782486887,100.70137486822644,23.906745876733762,17.914398352120617,99.94799499372914,100.36699062734453,25.20175485710337,False,True,bad
33,99.76435864217486,100.04616772629109,99.76435864217488,100.18290595980658,21.607221817167243,21.6054108899558,99.82999575248914,100.26232158246027,28.207650126775732,False,False,bad
34,99.71639940972189,99.90661720997235,99.71639940972189,100.14870078494367,22.495301358022257,16.634111365033498,99.68187426379247,100.07280298964979,19.057707978117396,True,True,ok
35,99.78298073759346,99.87763918493292,99.78298073759346,100.1745831558404,21.07081918349397,15.095249219764291,99.66718881735892,100.02840697043075,9.481935342907766,True,True,good
36,99.81760794956308,99.9051186955567,99.81760794956307,100.179599533981,21.59557612104092,15.666600690309055,99.68936783598954,100.06163605570882,8.763224202257508,True,True,good
37,99.79267885731696,99.88204802083565,99.79267885731696,100.1655787183092,23.27711029245487,17.29231123386903,99.64955147603393,100.05476716694092,8.9514753202368,True,True,good
38,99.7554356748064,99.85355583762502,99.7554356748064,100.16138144061837,23.754073498020563,17.76788301768751,99.61636296718446,100.03097446752733,9.83123755880771,True,True,good
39,99.81790572786922,99.85355583762502,99.7554356748064,100.16138144061837,23.754073498020563,17.76788301768751,99.61636296718446,100.03097446752733,3.570876864937659,True,True,good
40,99.67022798737001,99.77227419812864,99.67022798737001,100.08537964556805,23.64910268552578,19.954815322769857,99.53632172236064,99.97136792872428,10.233146751108771,True,True,good
41,99.77042467088437,99.63269074546675,99.44944040701209,99.67866880837184,24.3530340291106,16.954815322769857,99.39005491465312,99.80161613263674,13.81462341094854,True,False,ok
42,99.79749882275844,99.69764674487054,99.38566888311667,99.79749882275844,24.71918113931569,14.189910691696468,99.45120232596554,99.83911681521873,10.01047779305526,True,True,good
43,99.6365310168946,99.55816769754243,99.24920381144675,99.6365310168946,26.507551102001127,14.499952732303111,99.29426337575602,99.70252657011534,7.868012944170333,True,True,good
44,99.80715628048948,99.69764674487054,99.39825566313047,99.80715628048948,28.262832593008582,16.258593786282034,99.41587295488382,99.85974109885785,10.978136361296734,True,True,good
45,99.86164820811699,99.75487412472178,99.41750878440438,99.86164820811697,29.81069340008213,17.804004715700273,99.45749792795219,99.93247774965484,10.697921427602518,True,False,ok
46,99.90521017802705,99.78997423333803,99.43004478237414,99.90521017802705,28.201275960356448,22.193622538873754,99.5085537731949,100.01144433546789,11.541185414138944,True,True,good
47,99.81547889023129,99.65036601796479,99.47354304740675,99.97674911686029,27.83275895197411,21.845336171783778,99.37301155627938,99.86805559249517,16.555507039807207,True,True,ok
48,99.95381959097979,99.65259908890476,99.25939614054371,100.19244367489772,26.530023073910584,20.601196304767324,99.38822051358439,99.85789536451585,30.18146738204819,False,True,bad
49,100.06466462591301,99.65259908890476,99.25939614054371,100.19244367489772,26.530023073910584,20.601196304767324,99.38822051358439,99.85789536451585,41.2649476628192,False,True,bad
50,100.05896070943422,99.65259908890476,99.25939614054371,100.19244367489772,26.530023073910584,20.601196304767324,99.38822051358439,99.85789536451585,40.69490837127872,False,True,bad
51,100.19671398514092,99.65532552794627,98.7898641970152,100.66864184753341,25.004521464095884,19.07875844107665,99.40614215532878,99.84545551625772,54.17905995116428,False,True,bad
52,100.2171072035316,99.79867615677203,100.04195873461445,100.48444777203122,26.07954897606676,16.269435476744935,99.53840571051431,99.96104296901176,41.83986384892352,False,True,bad
53,100.09681750002837,99.81257331518049,99.64335335821049,100.88641779589146,23.07954897606676,19.269435476744935,99.58221039775499,100.00490650930696,28.437321052421726,False,True,bad
54,100.14701855631931,99.95240877980719,99.91715745730741,100.34164789669197,23.67840726868281,17.701901809822026,99.71573739554978,100.12934355239472,19.451313825566274,False,True,bad
55,100.22188389555184,99.81257331518049,99.69159203544513,100.10541172854421,25.090133953946843,19.10402789750195,99.56214223170389,100.00325553369396,40.92406451694229,False,False,bad
56,100.2127152930151,99.95302795291776,99.77031393930336,100.21271529301511,24.597555397902244,20.52858923559779,99.70716793869177,100.15821741828773,25.947245675873884,False,True,bad
57,100.1848701987326,99.95417499988922,99.41047179998381,100.57546136196663,24.80804535590963,17.52858923559779,99.70620822919824,100.12938056748483,23.053502707204927,False,True,bad
58,100.22345094528544,100.0935452071091,99.79957440498168,100.22345094528544,22.343664316977843,16.31024056018693,99.8698995496687,100.25680018719409,12.970018409049281,True,True,ok
59,100.29814045087936,100.20423905242376,99.91081448989974,100.29814045087936,23.05875366064869,17.063561872916985,99.9731805660175,100.37522317572372,9.366612561254165,True,True,good
60,100.16703963150626,100.20423905242376,99.91081448989974,100.29814045087936,23.05875366064869,17.063561872916985,99.9731805660175,100.37522317572372,3.713049254285799,True,True,good
61,100.25082283968338,100.20423905242376,99.91081448989974,100.29814045087936,23.05875366064869,17.063561872916985,99.9731805660175,100.37522317572372,4.647803618277352,True,True,good
62,100.16206413652532,100.34462323309421,100.19555161563403,100.598781400135,25.33744412096931,19.3473061636221,100.09037560469338,100.53876304785061,18.209781370427017,True,False,ok
63,100.17462476823738,100.34462323309421,100.19555161563403,100.598781400135,25.33744412096931,19.3473061636221,100.09037560469338,100.53876304785061,16.95582915656207,True,False,ok
64,100.30290861472479,100.20423905242376,99.96454400326431,100.41274360600224,27.472860281654206,21.47456463272418,99.92894934651208,100.41942329322418,9.842000289137768,True,True,good
65,100.14014292516185,100.34462323309421,100.05597495899326,100.54753605814672,28.953079866568512,22.95152409120473,100.05409464402936,100.57492943684993,20.39859514063463,True,True,ok
66,100.21016621821643,100.34462323309421,100.05597495899326,100.54753605814672,28.953079866568512,22.95152409120473,100.05409464402936,100.57492943684993,13.408509005488462,True,True,ok
67,100.10242964423365,100.34462323309421,100.05597495899326,100.54753605814672,28.953079866568512,22.95152409120473,100.05409464402936,100.57492943684993,24.165354715304364,True,True,ok
68,100.12568855280581,100.4820236549113,100.09126650196042,100.61282479472781,24.640985367399225,23.656241215857126,100.23442604745458,100.71972635385511,35.525600980134016,False,True,bad
69,100.02448641706145,100.47811168842466,99.81296253525956,100.89335898117139,21.640985367399225,23.878787175053745,100.26066715394535,100.71804123290057,45.248894491452944,False,True,bad
70,100.04979316535132,100.47333574894388,99.4837458919466,101.22724038741063,20.15384817609429,22.013865233236693,100.27084331350089,100.69451639621498,42.2438265095042,False,True,bad
71,100.1065932140623,100.47333574894388,99.4837458919466,101.22724038741063,20.15384817609429,22.013865233236693,100.27084331350089,100.69451639621498,36.56825939289796,False,True,bad
72,99.97857251437262,100.46968473679722,98.93453779025387,101.7891758022263,21.848159782810633,19.013865233236693,100.25017696425141,100.66071644135835,49.00149413645998,False,True,bad
73,99.99031442271404,100.46614338177542,98.49645014179964,102.24190867332057,18.848159782810633,20.039650508495946,100.27678318945318,100.66747402190616,47.474634439311416,False,True,bad
74,99.998971447244,100.31726436754396,99.61047505079722,99.998971447244,18.056833024826737,16.49897537168077,100.13612315832475,100.48277757495941,31.77907041610879,False,True,bad
75,99.98228289548332,100.1769184624861,99.63708390086586,99.98228289548332,15.056833024826737,17.97842361333147,100.02608374906296,100.35702077012577,19.44808202964869,False,True,bad
76,99.90901844802292,100.0357289952869,99.74184051794343,100.07216057517732,15.056833024826737,17.97842361333147,99.88510686848701,100.21557746652148,12.674557931329378,True,True,ok
77,99.78002056570897,99.896562900422,99.78002056570897,100.1104670657225,17.609329601939383,14.97842361333147,99.72065175020056,100.04619220408584,11.673111180443327,True,True,good
78,99.68988414871204,99.896562900422,99.78002056570897,100.1104670657225,17.609329601939383,14.97842361333147,99.72065175020056,100.04619220408584,20.710707429473345,False,False,bad
79,99.67504948404012,99.9996970725426,99.7534825270344,100.07935468898495,15.885318969551768,15.878939995466629,99.84084436405702,100.15848599148057,32.517669877573425,False,False,bad
80,99.58957139687402,99.85890052955992,99.58957139687402,99.9066655098347,15.807046786227799,15.784288290545476,99.70105309829071,100.01652069699347,27.00740635330013,False,True,bad
81,99.61749865442795,99.99880089770862,100.2596577341467,100.28996600599842,16.71221507812414,16.762460906280616,99.83168075089291,100.16642349678091,38.20356432804673,False,False,bad
82,99.54824823535807,99.85901014563625,99.84924004143097,99.88232126124792,19.506625482299235,14.167320642664265,99.66421891444185,100.00048360721547,31.168590790926366,False,False,bad
83,99.49061039623103,99.71726516282756,99.4386073392539,99.49061039623102,19.506625482299235,14.167320642664265,99.52275042826251,99.85853780974469,22.755612825581867,False,False,bad
84,99.43383804117872,99.65610135266476,99.40116574964449,99.73674309191016,19.247073591846213,13.239767229076943,99.46429252100364,99.78804371115142,22.327939272216422,False,True,bad
85,99.4773369390157,99.71193420618619,99.46584260778216,99.7897737663109,21.20897604602887,15.202441876652554,99.50045540377796,99.86352069460399,23.555222055215708,False,True,bad
86,99.49035064426421,99.71193420618619,99.46584260778216,99.7897737663109,21.20897604602887,15.202441876652554,99.50045540377796,99.86352069460399,22.247099573104542,False,True,bad
87,99.42576441344465,99.5727125269037,99.42576441344463,99.78878779185551,23.546330529442116,17.55793634436987,99.33825532681654,99.74754166172207,14.768770337166368,True,True,ok
88,99.67132778902716,99.5727125269037,99.42576441344463,99.78878779185551,23.546330529442116,17.55793634436987,99.33825532681654,99.74754166172207,9.898943026829983,True,True,good
89,99.51823155850371,99.57374429985275,98.92019563672542,100.29879583469737,23.49692286964112,17.549263419878056,99.33977664088725,99.74848888669491,5.576592682686019,True,True,good
90,99.54637857434544,99.64459386253861,99.54637857434545,99.95624868148481,24.89785694832849,18.914252727023303,99.39650017817223,99.83306416565837,9.861420419906436,True,False,ok
91,99.47737264894643,99.583052693728,99.47737264894643,99.91464928378461,23.136875133155694,23.154157827427255,99.35264862817267,99.81362886562877,10.61788695852044,True,True,good
92,99.70900155017213,99.66287195770973,99.55112166556076,100.01355897355988,19.53332881346481,25.54777796047336,99.4681971928653,99.91748845007758,4.627492581971795,True,True,good
93,99.6566020307155,99.52453160643938,99.36737605085654,99.81686339929584,21.337028091570346,21.33740189746127,99.31217583377068,99.7368910993937,13.261340692233784,True,True,ok
94,99.51950075643003,99.62158848931651,99.51950075643002,99.94555769801936,18.337028091570346,24.33740189746127,99.43891210265096,99.8640415529893,10.252805407062674,True,True,good
95,99.48324643001028,99.58529913350036,99.48324643001028,99.9091571931877,18.07358955259246,24.083310558433098,99.40531275129925,99.82513350210901,10.25302235884519,True,True,good
96,99.34611993915667,99.44679414770505,99.34611993915667,99.76626934979323,19.619750796203043,25.629304463834895,99.25168201583912,99.70166936422143,10.128551876953996,True,True,good
97,99.37388032449554,99.44679414770505,99.34611993915667,99.76626934979323,19.619750796203043,25.629304463834895,99.25168201583912,99.70166936422143,7.334632243034492,True,True,good
98,99.43433311412235,99.44679414770505,99.34611993915667,99.76626934979323,19.619750796203043,25.629304463834895,99.25168201583912,99.70166936422143,1.2531137338735794,True,True,good
99,99.41507997406693,99.44679414770505,99.34611993915667,99.76626934979323,19.619750796203043,25.629304463834895,99.25168201583912,99.70166936422143,3.1895680403341578,True,True,good
100,99.35069861072829,99.58611716286636,99.37155740657468,99.82274394301197,21.940161295592677,27.937846054459584,99.36762361553085,99.86433932391212,23.66768173259551,False,False,bad
101,99.31230012895084,99.44679414770505,99.31230012895085,99.80951832453992,23.144003860085405,29.154120931049224,99.21663444894229,99.7367225339838,13.533372122776946,True,False,ok
102,99.27529267715619,99.40122507742029,99.27529267715622,99.79653647877389,21.183401105744718,30.75465971591894,99.19065947529856,99.70693016268045,12.677131505307985,True,False,ok
103,99.35915560828562,99.53882867577211,99.17840981112423,99.6955597106144,25.66327811989971,25.791778709200024,99.28337941136857,99.79555701998997,18.066861462273774,True,True,ok
104,99.30831015373661,99.53882867577211,99.17840981112423,99.6955597106144,25.66327811989971,25.791778709200024,99.28337941136857,99.79555701998997,23.185510906372294,True,True,ok
105,99.39625841518132,99.39957181817164,99.03142978469171,99.54296982512037,22.66327811989971,27.71107782427008,99.17429980406021,99.67501874520688,0.3333473329628779,True,True,good
106,99.66757437725408,99.53784974331357,99.16613132662839,99.66757437725408,19.756251018389957,26.016601225882443,99.3412002687776,99.79681339767893,13.024208838777644,True,True,ok
107,99.62942520424441,99.53784974331357,99.16613132662839,99.66757437725408,19.756251018389957,26.016601225882443,99.3412002687776,99.79681339767893,9.195834748276246,True,True,good
108,99.72559156345892,99.53420819908871,98.82302447278381,100.01361345121825,19.79153735738166,25.783328077605052,99.33721469909774,99.79084051358288,19.209436469278387,True,True,ok
109,99.88784049439312,99.6734395425937,99.43311272484097,99.88784049439312,20.195789434073014,22.907802461717548,99.4721411628765,99.90176948896587,21.48723782997303,True,True,ok
110,99.88725576174753,99.81308008352403,99.72539144379452,100.10917352139505,20.859395643871466,20.873108118800126,99.60487603073446,100.02142100474941,7.428698737108589,True,True,good
111,99.80944283212469,99.67668769472881,99.57507569506257,99.99193169634688,18.079847111097564,23.846044408471904,99.49647376732268,99.91437716685459,13.309712975341057,True,True,ok
112,99.82918781193709,99.67668769472881,99.57507569506257,99.99193169634688,18.079847111097564,23.846044408471904,99.49647376732268,99.91437716685459,15.28778503615129,True,True,ok
113,99.75052490525316,99.61782423698654,99.51666119032893,99.9352176461917,17.972670999713543,23.98548168436025,99.43878439891468,99.85676238685375,13.312111820595158,True,True,ok
114,99.86101415861818,99.4784568629799,98.93502132648368,99.5304176433933,18.192651160745744,24.12547231622214,99.29747917660815,99.71845333869074,38.38254043081489,False,False,bad
115,99.97615891568682,99.61828407069841,99.55351737357402,99.79727145856201,18.428134806396734,24.434773295854484,99.43470615389474,99.86169908943735,35.8602397084166,False,False,bad
116,100.08885045006282,99.75784733989049,99.66029121755128,100.05024102700386,19.957655914827804,25.96804918330139,99.55875406068915,100.01689900850474,33.12573252512152,False,False,bad
117,99.91991129381049,99.75784733989049,99.66029121755128,100.05024102700386,19.957655914827804,25.96804918330139,99.55875406068915,100.01689900850474,16.232552950804568,True,True,ok
118,99.91024124390898,99.75784733989049,99.66029121755128,100.05024102700386,19.957655914827804,25.96804918330139,99.55875406068915,100.01689900850474,15.264726045179135,True,True,ok
119,99.8443945457941,99.76226508745914,99.2324904801206,100.48156716509008,21.11615545836857,21.029358022815114,99.55160553761257,99.97205872642826,8.229130543099675,True,True,good
120,99.82590754429455,99.72400388971926,99.40562941719627,99.82590754429457,16.955737049755854,22.942625965031556,99.55491449096895,99.95279694181698,10.213350905664875,True,True,good
121,99.84317580879421,99.74668948093569,99.44520628057003,99.84317580879421,20.072301419569243,20.056241105022323,99.54647491924914,99.94674384630143,9.668460393485297,True,True,good
122,99.65481826702141,99.60714182181654,99.25531919106228,99.65481826702141,20.14876115704538,20.130411867809745,99.40644577080617,99.80765510080138,4.785303335710347,True,True,good
123,99.6716606114058,99.57359401292541,99.27059567616843,99.6716606114058,21.66889000163154,21.656321260756858,99.35782908735209,99.78923378702862,9.843808484594382,True,True,good
124,99.60074664081897,99.71309467221991,99.5695251376782,99.99968013214908,18.66889000163154,24.656321260756858,99.52694139260412,99.95895048183415,11.273481315651686,True,True,good
125,99.64789407745049,99.71309467221991,99.5695251376782,99.99968013214908,18.66889000163154,24.656321260756858,99.52694139260412,99.95895048183415,6.540958439558582,True,True,good
126,99.6283652598802,99.71309467221991,99.5695251376782,99.99968013214908,18.66889000163154,24.656321260756858,99.52694139260412,99.95895048183415,8.500932768437837,True,True,good
127,99.54901074079291,99.65358972123187,99.54901074079291,99.9817234478471,18.833783440921405,24.83909498912094,99.46590430843986,99.90112021934114,10.499761529634185,True,True,good
128,99.60619697747717,99.79401919058152,99.62643723913196,100.06297293563644,20.51147513287441,24.326814487312628,99.58932693627781,100.03678624976078,18.838722671601815,True,False,ok
129,99.64435532732557,99.79401919058152,99.62643723913196,100.06297293563644,20.51147513287441,24.326814487312628,99.58932693627781,100.03678624976078,15.008535013549867,True,True,ok
130,99.65386536988849,99.79401919058152,99.62643723913196,100.06297293563644,20.51147513287441,24.326814487312628,99.58932693627781,100.03678624976078,14.05418203068075,True,True,ok
131,99.7646940709429,99.83924596550744,99.50014740936179,99.94779752020176,15.572990474136493,27.559065055100024,99.68376640287086,100.11439359296901,7.469982608323194,True,True,good
132,99.74926972292187,99.9470639396564,99.6195903046956,100.05070014548605,16.85115075625456,28.83047071413175,99.77864163544719,100.23521602964398,19.809505541566207,False,True,bad
133,99.61085816163744,99.80723595257041,99.49924827804051,99.95537502883188,18.099436412212953,30.08258769974073,99.62659048051017,100.1074819454316,19.695088881859913,False,True,bad
134,99.60477825900712,99.80723595257041,99.49924827804051,99.95537502883188,18.099436412212953,30.08258769974073,99.62659048051017,100.1074819454316,20.305472960282447,False,True,bad
135,99.56218257284499,99.80723595257041,99.49924827804051,99.95537502883188,18.099436412212953,30.08258769974073,99.62659048051017,100.1074819454316,24.582857786929704,False,True,bad
136,99.6222561789081,99.66754936182382,99.42408183775096,99.90489990729029,19.980984836328858,26.215257244663594,99.46840378257656,99.92883040637037,4.54545916913982,True,True,good
137,99.62126554758497,99.7319081093938,99.62126554758497,100.08308755982199,22.980984836328858,23.215257244663594,99.50271436259779,99.96343829961988,11.100156685717662,True,True,good
138,99.64450138955708,99.59238112971583,99.19645447400342,99.6220399611408,25.98098483632886,20.215257244663594,99.33363031532133,99.79370969013043,5.231989215164597,True,False,ok
139,99.73642579158624,99.62482014952731,99.27620481253793,99.73642579158624,22.567470348722527,22.5565076356522,99.39999213205519,99.84953895116763,11.19632385832481,True,True,good
140,99.76152763617776,99.653424899065,99.31187176789311,99.76152763617776,25.567470348722527,19.5565076356522,99.39863630043945,99.84831219556074,10.841990164514895,True,True,good
141,99.71391709072148,99.653424899065,99.31187176789311,99.76152763617776,25.567470348722527,19.5565076356522,99.39863630043945,99.84831219556074,6.068415509694703,True,True,good
142,99.85406002283241,99.74585484438849,99.40397806293434,99.85406002283241,25.984896022766662,19.97441588641098,99.48666627770514,99.94509136314922,10.842207935389876,True,True,good
143,99.86875698332976,99.75853133387771,99.41028540003708,99.86875698332976,27.266831670462935,21.256090176288637,99.48652142572037,99.97057896766643,11.043145612305242,True,True,good
144,99.84992239922177,99.61896710776405,99.1822491508331,99.66527654708425,28.216627961500116,22.196670602142742,99.33787597448517,99.84008804762573,23.15703418576796,False,False,bad
145,99.95864162970148,99.75811637499153,99.45534320141464,99.95864162970146,26.503370132311428,26.50075177184713,99.49372374679267,100.0224828829196,20.080971080984913,True,False,ok
146,100.07792017308684,99.89651750853704,99.54816885152248,100.07792017308685,24.16711221423017,23.50075177184713,99.65509647369308,100.13128183462106,18.142590264100587,True,True,ok
147,99.91384352712527,99.89651750853704,99.54816885152248,100.07792017308685,24.16711221423017,23.50075177184713,99.65509647369308,100.13128183462106,1.7342462664933913,True,True,good
148,100.099172194197,99.98359227117504,99.6225893302188,100.09917219419698,23.287647330997633,23.50075177184713,99.75075400760531,100.2185612294973,11.55321261047321,True,False,ok
149,100.03978066385694,99.98359227117504,99.6225893302188,100.09917219419698,23.287647330997633,23.50075177184713,99.75075400760531,100.2185612294973,5.61818284887035,True,True,good
150,100.13217445642728,100.09432135847545,99.73861069115476,100.20691439188336,22.52295822907276,22.50821498547961,99.86887933658302,100.31961580887167,3.7810279052966447,True,True,good
151,100.13574039475061,100.09432135847545,99.73861069115476,100.20691439188336,22.52295822907276,22.50821498547961,99.86887933658302,100.31961580887167,4.137144692787126,True,True,good
152,100.1668597922917,100.09432135847545,99.73861069115476,100.20691439188336,22.52295822907276,22.50821498547961,99.86887933658302,100.31961580887167,7.24438321714015,True,True,good
153,100.11706000105177,100.23185531702023,99.89593838757752,100.34730536426873,23.98652227217135,21.924000462390183,99.99143395402595,100.4516036412519,11.459540806472404,True,True,good
154,100.27984002479009,100.37324432635037,100.27984002479006,100.70684885852269,22.57628032744744,20.64394407684203,100.14663887622167,100.5804542906188,9.31002965730314,True,True,good
155,100.26397999552418,100.23282010418495,99.91650055452368,100.26397999552417,24.172402758942674,17.64394407684203,99.99053329446265,100.4096703314432,3.108268219202971,True,False,ok
156,100.26736719480742,100.16668230205744,99.84851333134878,100.26736719480742,22.93572393400656,16.926588524621224,99.9369427647909,100.33623032357778,10.046686326167322,True,True,good
157,100.28217593040114,100.18452808832753,99.88281730633925,100.28217593040114,20.39361311752767,20.39393468069469,99.98021563770799,100.38884376051247,9.742051706243808,True,True,good
158,100.42349504596429,100.32488465432247,100.1929303370834,100.58986776356498,23.39361311752767,17.39393468069469,100.0901885005561,100.49938910337502,9.824278504295197,True,True,good
159,100.36697535698228,100.32488465432247,100.1929303370834,100.58986776356498,23.39361311752767,17.39393468069469,100.0901885005561,100.49938910337502,4.194560085751291,True,True,good
160,100.24699791117203,100.32488465432247,100.1929303370834,100.58986776356498,23.39361311752767,17.39393468069469,100.0901885005561,100.49938910337502,7.76646717069054,True,True,good
161,100.26083888659991,100.32488465432247,100.1929303370834,100.58986776356498,23.39361311752767,17.39393468069469,100.0901885005561,100.49938910337502,6.385875202723396,True,True,good
162,100.22370982298413,100.32488465432247,100.1929303370834,100.58986776356498,23.39361311752767,17.39393468069469,100.0901885005561,100.49938910337502,10.089807927638196,True,True,good
163,100.21073085125988,100.32488465432247,100.1929303370834,100.58986776356498,23.39361311752767,17.39393468069469,100.0901885005561,100.49938910337502,11.384891916072402,True,True,good
164,100.1416271335197,100.24065755615659,100.1416271335197,100.55134225091456,25.382500953518893,19.395658351101282,99.98622169755654,100.43508091084149,9.884150273332354,True,True,good
165,100.17377936535269,100.16642872416574,100.05871738953469,100.50828015492351,26.636853078878882,20.654439971404503,99.89961687962959,100.37331687308905,0.7338158685516005,True,True,good
166,100.21313575019522,100.1708373035391,99.77432434712736,100.79476523780858,27.307583457639062,16.9377088265957,99.89729495357031,100.34050375105548,4.221739557286871,True,True,good
167,100.26775819357985,100.03153490432967,99.91404229235458,100.3576133037532,25.614817761161564,19.633629335517405,99.77530595063531,100.22793311214713,23.587042681518124,False,True,bad
168,100.16906076525746,100.06021468000041,99.71631508264541,100.16906076525746,24.35553528106953,18.344998342682516,99.8165126711134,100.24377512724773,10.872146017276023,True,True,good
169,100.04872089662577,100.05667916735385,99.37217804280621,100.51595749967721,21.35553528106953,21.344998342682516,99.84300277314735,100.270250132454,0.7954078930135656,True,True,good
170,100.18475324240903,100.0820255693088,99.75741567600059,100.18475324240904,24.35553528106953,18.344998342682516,99.83827043883338,100.26562602862893,10.259083680252527,True,True,good
171,100.28563164665509,100.18279835377282,99.85785472650738,100.28563164665509,23.951234337956908,17.941511285051487,99.94284818577248,100.36254143449605,10.25930136746905,True,True,good
172,100.26627448265552,100.04264056941902,99.70198179667003,100.12098585462006,25.34427329676286,19.332117896634184,99.78908976702691,100.23604418163687,22.328911930311705,False,False,bad
173,100.42599042743493,100.18279835377282,99.97781538965849,100.42599042743493,26.769095533762012,20.77496904048577,99.91461806377565,100.39092780719172,24.24541758826641,False,True,bad
174,100.31717323088672,100.18279835377282,99.97781538965849,100.42599042743493,26.769095533762012,20.77496904048577,99.91461806377565,100.39092780719172,13.403981673490028,True,True,ok
175,100.16732368424691,100.18336392168099,99.37622639165926,101.03393433059959,23.769095533762012,23.77496904048577,99.94523712688618,100.42154955924197,1.6012161136078702,True,True,good
176,100.22551098805019,100.32484300555544,100.22551098805019,100.70372835809636,23.072377843977417,23.77496904048577,100.09336973705925,100.56336500920031,9.905943684457657,True,True,good
177,100.17229384420065,100.28609517877757,100.17229384420064,100.64322859488868,22.305084183542583,23.540630773951367,100.06240619923743,100.52217497261405,11.35411167946071,True,True,good
178,100.20075002631874,100.28609517877757,100.17229384420064,100.64322859488868,22.305084183542583,23.540630773951367,100.06240619923743,100.52217497261405,8.51379126911784,True,True,good
179,100.2525855452654,100.2507801593888,100.14040860064733,100.60109327336346,25.305084183542583,20.540630773951367,99.99709471624888,100.45670158539424,0.18008534373609247,True,True,good
180,100.31798366808589,100.2507801593888,100.14040860064733,100.60109327336346,25.305084183542583,20.540630773951367,99.99709471624888,100.45670158539424,6.70129385349653,True,True,good
181,100.34060822270138,100.2507801593888,100.14040860064733,100.60109327336346,25.305084183542583,20.540630773951367,99.99709471624888,100.45670158539424,8.956323603102195,True,True,good
182,100.41587768697653,100.2507801593888,100.14040860064733,100.60109327336346,25.305084183542583,20.540630773951367,99.99709471624888,100.45670158539424,16.45490751793861,True,True,ok
183,100.44936701401198,100.39122954324057,100.27907700849495,100.74040496668994,22.305084183542583,23.540630773951367,100.16730606061543,100.6275568300026,5.789414430331477,True,True,good
184,100.39512189757481,100.35420674255629,100.24372131584107,100.70488126706914,22.94045942426149,22.954036686014312,100.12398958177313,100.58456015687273,4.076243329152559,True,True,good
185,100.41426880267512,100.35420674255629,100.24372131584107,100.70488126706914,22.94045942426149,22.954036686014312,100.12398958177313,100.58456015687273,5.9832164135860895,True,True,good
186,100.59707731360491,100.35420674255629,100.24372131584107,100.70488126706914,22.94045942426149,22.954036686014312,100.12398958177313,100.58456015687273,24.172096281454856,False,True,bad
187,100.55503724543313,100.35420674255629,100.24372131584107,100.70488126706914,22.94045942426149,22.954036686014312,100.12398958177313,100.58456015687273,19.992168183155318,True,True,ok
188,100.44123448471208,100.49480102502987,100.27040621762798,100.7321810551515,25.14791155362212,25.14864697357114,100.24207758825224,100.74753185239565,5.331700852049268,True,True,good
189,100.56416477206665,100.49480102502987,100.27040621762798,100.7321810551515,25.14791155362212,25.14864697357114,100.24207758825224,100.74753185239565,6.899841498106884,True,True,good
190,100.65707584653464,100.35446067055366,100.13349932494067,100.63904259706617,29.859865872471882,23.863660901401996,100.05480359702096,100.59394315249219,30.109257393070763,False,False,bad
191,100.64333897814059,100.35540528834466,99.69289269042508,101.08383087296923,26.859865872471882,26.863660901401996,100.08585201578241,100.62499664607354,28.650316976166682,False,True,bad
192,100.56638483406408,100.49600124995746,100.56638483406408,101.10884766726988,29.859865872471882,23.863660901401996,100.19592153815312,100.73582149953505,7.001168975699362,True,True,good
193,100.42508879953922,100.55707488142939,100.42508879953922,100.966798595512,24.982081041519773,23.218914195424894,100.30586238203078,100.79055749077087,13.1341108530612,True,True,ok
194,100.45953384422421,100.57696527399877,100.45953384422418,100.94551573521419,23.11792820058756,21.815752585331165,100.34445216781504,100.79638149301886,11.682599293740637,True,True,good
195,100.48532115218657,100.5938659590172,100.48532115218659,100.93836531328391,20.117928200587556,24.81306280328924,100.39149194173889,100.84347015038387,10.796225997649325,True,False,ok
196,100.74371043048824,100.5938659590172,100.48532115218659,100.93836531328391,20.117928200587556,24.81306280328924,100.39149194173889,100.84347015038387,14.88490145003802,True,True,ok
197,100.8877239782026,100.5938659590172,100.48532115218659,100.93836531328391,20.117928200587556,24.81306280328924,100.39149194173889,100.84347015038387,29.16973482691568,False,True,bad
198,100.8601946462896,100.60151773565543,100.49296994169148,100.94602653283255,23.117928200587556,21.81306280328924,100.36894786926713,100.82096045810283,25.680021253903305,False,True,bad
199,100.83770365136854,100.60504750547993,100.0656739646354,101.37708175215302,20.117928200587556,23.648625576730417,100.40265099324672,100.84296461543856,23.098994428924893,True,True,ok
200,100.8078007716699,100.75049518389483,100.8078007716699,101.25045742009084,18.311593665109168,19.267769650607274,100.56600497095823,100.94461891723363,5.686254594231873,True,True,good
201,100.80843644938443,100.89164465873026,100.80843644938443,101.18833876766288,20.396154461410752,16.267769650607274,100.68586450189774,101.05577286222817,8.250687219255752,True,True,good
202,100.8340520938769,100.75049518389483,100.44701663359484,100.81631429477764,17.396154461410752,19.267769650607274,100.57522806626656,100.94461891723363,8.29001189781317,True,False,ok
203,100.76967670925168,100.60972843088626,100.44822224753818,100.81752091583493,15.311249656471688,21.31288654962617,100.45568236389875,100.8241568036699,15.885270083980208,True,True,ok
204,100.85848632028897,100.75006532791693,100.48942995463433,100.85848632028896,18.77215896387731,18.75938962885865,100.56093570372126,100.93906630097888,10.755595627041927,True,False,ok
205,101.11385342474547,100.89147728798602,100.7347135511508,101.11385342474547,16.225105198245764,22.229024321499754,100.72777980472563,101.11574919823269,22.016867159310674,True,True,ok
206,101.10849701326339,101.03282427599413,101.10849701326339,101.4984343346238,15.38499682388289,21.413467284130324,100.87738530793472,101.24917058371986,7.487112513324927,True,True,good
207,101.09515386128358,101.17436928837017,101.09515386128356,101.46820699552929,17.088963473207503,23.098040492131783,101.0014727782508,101.40806225622903,7.832661085368489,True,True,good
208,100.99226174670318,101.08981485544233,100.99226174670316,101.39935513024656,18.647268035860314,24.65620657182214,100.90130996811183,101.33906399118064,9.654801450706778,True,True,good
209,100.8069251774055,100.94900613967991,100.8069251774055,101.24488521449733,23.163611052771262,23.169180796550858,100.71517178824158,101.18289671712816,14.084442012110877,True,True,ok
210,100.90678972965523,101.02016417398288,100.90678972965523,101.37594873642837,19.203503508883774,25.21797275896277,100.82617006626457,101.27491654880741,11.22925434661386,True,True,good
211,100.8065234827154,100.91510751104417,100.8065234827154,101.2558264568466,16.18845311408511,26.490547697239272,100.75174156239963,101.1824371579335,10.765730802525306,True,True,good
212,100.70058751335023,100.80390434097087,100.70058751335023,101.13177412584628,16.10830561146317,28.115442042810084,100.64152633117557,101.08731897398964,10.254544275763953,True,True,good
213,100.57146840192148,100.67932286501163,100.57146840192148,101.01774924560641,20.62036073864136,26.626954706515882,100.47171846937177,100.94740124199257,10.718414843175095,True,True,good
214,100.44260425743187,100.682772122782,100.27058715276053,101.32087249883061,19.657379351150116,25.65349043384263,100.4848561782077,100.94105857593246,23.882414424903747,False,True,bad
215,100.46331869919999,100.682772122782,100.27058715276053,101.32087249883061,19.657379351150116,25.65349043384263,100.4848561782077,100.94105857593246,21.82031077592437,False,True,bad
216,100.51832882813585,100.682772122782,100.27058715276053,101.32087249883061,19.657379351150116,25.65349043384263,100.4848561782077,100.94105857593246,16.346166147660306,True,True,ok
217,100.5548612863554,100.682772122782,100.27058715276053,101.32087249883061,19.657379351150116,25.65349043384263,100.4848561782077,100.94105857593246,12.71241879419849,True,True,ok
218,100.40675287124307,100.54339361081314,100.40675287124309,100.86326446178826,19.130520922998315,28.956581153590403,100.35104886129905,100.83453290446802,13.599468626564896,True,False,ok
219,100.28999366609379,100.63407853231385,100.26651075740682,100.75043227799321,18.130946501378418,30.110014662674313,100.45161942290537,100.93708789033111,34.25027163957029,False,True,bad
220,100.1124388816469,100.49328939775836,100.1124388816469,100.59718016459095,19.107735487851926,31.083948259726014,100.3012694785467,100.80566221856733,37.970099552699985,False,True,bad
221,100.17292061833143,100.4869769247251,99.84567137126561,100.8659555550042,24.639360890196393,24.67584170982674,100.23938343580379,100.73493699837445,31.30237448300514,False,True,bad
222,100.21745932912037,100.34734334104022,100.2174593291204,100.71351774721144,24.639360890196393,23.659693535035096,100.10009390034499,100.5847620800906,12.951826875638025,True,False,ok
223,100.1904325763522,100.2069553548831,99.96166493181393,100.3247212906647,21.639360890196393,26.659693535035096,99.99011390781989,100.47410402686712,1.649001390579642,True,True,good
224,100.27792803051052,100.2069553548831,99.96166493181393,100.3247212906647,21.639360890196393,26.659693535035096,99.99011390781989,100.47410402686712,7.0801027382938395,True,True,good
225,100.38606027404671,100.26962035362406,99.90178422108208,100.38606027404671,20.333468945728843,26.31536172988442,100.06573743245802,100.53348348663646,11.605944384789279,True,True,good
226,100.5138134175968,100.40023514232111,100.04546606324573,100.51381341759681,18.501240386342808,28.806609627087646,100.21448225379977,100.68945418034238,11.30615685549418,True,True,good
227,100.70096646227155,100.5402685633282,100.22510853437741,100.70096646227155,21.106420196451275,27.090892555706084,100.32806404783203,100.81264112464528,15.970676494763541,True,True,ok
228,100.69314746435305,100.57458594102091,100.20840930744109,100.69314746435306,22.24177753993557,22.24868595933403,100.35089018435379,100.7983511788301,11.781474858393254,True,True,good
229,100.64602856892373,100.71548897044478,100.64602856892373,100.97613610941605,19.24177753993557,25.24868595933403,100.52169446708527,100.96978234567032,6.899074373788762,True,True,good
230,100.6707572674443,100.71982634225267,100.36235705823815,101.26154245012933,20.611199086560525,19.81795636365489,100.51223070298227,100.91943245459323,4.873025828703492,True,True,good
231,100.68735716500092,100.78689050821612,100.68735716500093,101.09566545507457,17.611199086560525,20.20059738495854,100.60939270881056,100.99048604789995,9.88050358416417,True,False,ok
232,100.5102748320133,100.64588758658023,100.5102748320133,100.89140442903938,14.611199086560523,22.46209380953339,100.49883187650312,100.8719593234316,13.483332897363457,True,True,ok
233,100.62996777935454,100.6475303050275,100.23069664011203,101.17282556422246,17.611199086560525,19.46209380953339,100.47027793565026,100.84341147267692,1.7451057256453695,True,True,good
234,100.77534397713528,100.78853552807983,100.77534397713528,101.14999361870053,17.68609658869667,17.705677950237828,100.61027995064154,100.96698846319346,1.3089201295166277,True,True,good
235,100.82776059737272,100.81538333609653,100.72971105401923,101.08715990251436,19.4664527041208,19.477492949004326,100.61913154694054,101.01174642790454,1.227640181588868,True,True,good
236,100.93288051739614,100.81538333609653,100.72971105401923,101.08715990251436,19.4664527041208,19.477492949004326,100.61913154694054,101.01174642790454,11.647901433176546,True,True,good
237,100.80508017703818,100.81888945447176,100.27528927967302,101.54526086533883,19.703435439184084,19.739220984613212,100.62024160653012,101.01789808830827,1.369805135808873,True,True,good
238,100.82698076375628,100.92339429400243,100.8269807637563,101.22584870274993,20.07331392237115,20.061548880802583,100.72080759642496,101.12586225478701,9.557705908404326,True,False,ok
239,100.67510410861782,100.92339429400243,100.8269807637563,101.22584870274993,20.07331392237115,20.061548880802583,100.72080759642496,101.12586225478701,24.63215876033545,False,False,bad
240,100.57974159439725,100.78220040077775,100.57974159439723,100.9846353760895,22.41937883644137,22.419360280225426,100.55625296770224,101.00814764683965,20.108951333901455,True,True,ok
241,100.59165868675147,100.64206041363691,100.5224357991206,100.97468603238235,20.772671178833455,26.785434886869574,100.43299997086363,100.91163454924589,5.00927261740162,True,True,good
242,100.64230346243835,100.7583786799818,100.64230346243835,101.12266103477839,17.37357139217822,27.954920676633606,100.58332539144612,101.04004792833231,11.52679615191244,True,True,good
243,100.71381270001031,100.7583786799818,100.64230346243835,101.12266103477839,17.37357139217822,27.954920676633606,100.58332539144612,101.04004792833231,4.4240329539388545,True,True,good
244,100.76432432067185,100.61765435294346,100.41913474147616,100.87590005417657,17.77454096668059,29.79394837554523,100.43881109101669,100.91743407288946,14.566347458489064,True,True,ok
245,100.87582616240792,100.61765435294346,100.41913474147616,100.87590005417657,17.77454096668059,29.79394837554523,100.43881109101669,100.91743407288946,25.625836636014295,True,True,ok
246,101.09325245337195,100.75937076147643,100.61290248651608,101.09325245337196,18.64062671096452,30.577755640127073,100.5715489796768,101.06747030323616,33.08175946180038,False,True,bad
247,101.09381415682131,100.90008838743589,100.59682298011501,101.0938141568213,22.80918197692238,28.795397243749544,100.66994353968423,101.19063420014047,19.18135412429103,True,False,ok
248,101.3103908651965,101.04144743942605,100.78824826216436,101.3103908651965,22.235294445927718,28.23258825687093,100.81677880592021,101.32671359766961,26.581778192336195,True,True,ok
249,101.22002965897377,100.90014064523437,100.65198909864323,101.16189671856706,20.64635753391472,30.65594551273269,100.691818607336,101.2094595666191,31.653375350733718,False,False,bad
250,100.98153161438384,100.90014064523437,100.65198909864323,101.16189671856706,20.64635753391472,30.65594551273269,100.691818607336,101.2094595666191,8.0632355228898,True,True,good
251,100.93887849684579,100.90014064523437,100.65198909864323,101.16189671856706,20.64635753391472,30.65594551273269,100.691818607336,101.2094595666191,3.8384899264476733,True,True,good
252,101.00526893093885,100.75897928434003,100.54643156170812,101.06427489774234,20.831251183855677,32.83071208604897,100.54908572368993,101.08977818823686,24.413618478629353,True,True,ok
253,100.9745566121089,100.90014064523437,100.77430885671588,101.27758830777952,21.93692185769236,33.94697098439533,100.67879679515791,101.2426660599149,7.372491080476209,True,True,good
254,100.94219092961616,100.83178445318741,100.69644035852303,101.26157537434582,22.942958828584235,34.95319391705517,100.60044650525519,101.18422374468692,10.94358053242857,True,True,good
255,100.85314463167401,100.83178445318741,100.69644035852303,101.26157537434582,22.942958828584235,34.95319391705517,100.60044650525519,101.18422374468692,2.1181730001729187,True,True,good
256,100.80706584904324,100.83178445318741,100.69644035852303,101.26157537434582,22.942958828584235,34.95319391705517,100.60044650525519,101.18422374468692,2.451770006716197,True,True,good
257,100.80147601351455,100.83618618710626,100.337821697765,101.6234956346479,22.651655926577433,34.695095822561136,100.6077755276604,101.1860383013206,3.442826459675849,True,True,good
258,100.70055687577947,100.84066151191367,100.70055687577947,101.28057209285487,26.588755321881965,32.59942750223241,100.57253874436996,101.16939629533715,13.903325565244044,True,True,ok
259,100.7687690830438,100.69868312729993,100.40579074101157,100.76876908304381,26.588755321881965,29.62398135061521,100.43093786260917,100.9969927183994,6.957546521999595,True,True,good
260,100.8604532743752,100.72077194692937,100.29428350659634,100.86045327437519,21.626434636965513,21.721292886207898,100.50294882781988,100.93955048564779,13.858567398671669,True,False,ok
261,100.85553848220306,100.75055468784645,100.4188264151182,100.85553848220304,18.626434636965513,21.152629461540617,100.56289232569333,100.96366860298211,10.41474512949906,True,False,ok
262,100.9437291955929,100.84730819186069,100.5425822045364,100.9437291955929,15.626434636965513,23.079843686818954,100.6897198048833,101.08006220279115,9.556520677901407,True,True,good
263,100.92208679436858,100.98859329982831,100.70934930738754,101.1003063429947,15.841329535774962,21.826868714481776,100.82861394124662,101.20901977658986,6.587715700220274,True,True,good
264,100.941298737457,100.98859329982831,100.70934930738754,101.1003063429947,15.841329535774962,21.826868714481776,100.82861394124662,101.20901977658986,4.684255783919498,True,True,good
265,100.97698608142423,100.98859329982831,100.70934930738754,101.1003063429947,15.841329535774962,21.826868714481776,100.82861394124662,101.20901977658986,1.1494254072812147,True,True,good
266,100.92791519659998,100.84730819186069,100.6600439523191,101.04029517569987,18.350951184934797,24.347672235001074,100.66224378888461,101.09284791242445,7.989782657524859,True,True,good
267,100.88907118365368,100.98859329982831,100.83016895232757,101.26209170235138,20.01863520661486,26.021836976393963,100.78642791889847,101.25138417096065,9.859646879866864,True,True,good
268,100.99146756775899,100.84730819186069,100.56715054074742,100.97642603006325,21.243486476192498,27.227573708778987,100.63307334908727,101.12189094357328,14.284609076611035,True,False,ok
269,101.04984240042936,100.93221422616843,100.56062758213459,101.04984240042937,22.28241718365288,28.263676405450305,100.7073128557027,101.21748577034583,11.647389824970206,True,True,good
270,101.03272451430622,101.02381072004057,100.63597567385563,101.14659519646683,23.210777188542902,29.191388720677057,100.78932660390454,101.31871325291786,0.8823069504882497,True,True,good
271,100.88156523604364,101.13252934608025,100.73003012362788,101.25996819717629,24.040704176170042,30.02073517473776,100.88939962402056,101.43613663418526,24.846210821378587,False,True,bad
272,100.8611408162402,100.9910428686394,100.61612993332234,101.16229776771468,24.898360325937286,30.88261295040674,100.73959173113583,101.3029295974764,12.871009662722953,True,True,ok
273,100.89664193913613,100.84990394556567,100.58712597560783,101.15057595954885,23.035358659147533,32.32784859832945,100.617592574753,101.17592998815651,4.633337755710907,True,True,good
274,100.94256805277375,100.84990394556567,100.58712597560783,101.15057595954885,23.035358659147533,32.32784859832945,100.617592574753,101.17592998815651,9.184100160305713,True,True,good
275,101.02521020505264,100.9676368180874,100.54309431947252,101.10207494183072,21.598236790336113,33.57534787638974,100.74956452527164,101.30663917112982,5.700537357914387,True,True,good
276,101.12272697275172,100.9875581469895,100.56552994888959,101.12272697275172,25.21987291930985,31.195427709335718,100.73286880869965,101.30259315396118,13.375751346327318,True,True,ok
277,101.21941151785603,100.98324072858614,100.30157962655196,101.38883819930963,25.972357477810302,28.195427709335718,100.72096344583908,101.26796729496787,23.35982184615749,True,True,ok
278,101.19469795335971,100.97689529578668,100.01790165087685,101.67640452395446,22.990165910667226,23.907697793577967,100.74474773818726,101.21830780547322,21.546324914791434,True,True,ok
279,101.34719968998294,101.11836195275444,100.87246002090947,101.34719968998293,19.990165910667226,25.008320604733242,100.9162246695494,101.37124199422844,22.60511198218722,True,False,ok
280,101.399776768199,101.260026801744,100.9440000376909,101.39977676819899,22.990165910667226,22.00832060473324,101.02722832011494,101.48288311517368,13.791584334387824,True,False,ok
281,101.36759773369698,101.260026801744,100.9440000376909,101.39977676819899,22.990165910667226,22.00832060473324,101.02722832011494,101.48288311517368,10.617598889125937,True,True,good
282,101.277789191103,101.29815374139774,100.95287419601797,101.40868482715754,22.38994604313445,22.378548859600997,101.07134772174383,101.52484430968666,2.0105596023439456,True,True,good
283,101.43958602354276,101.32958674990063,100.98596453217176,101.43958602354274,26.71577413532767,20.701797563879097,101.05887691461699,101.53935720911343,10.849704906140019,True,False,ok
284,101.27364044980153,101.3251638937502,100.69161747446016,101.73611958244686,20.715774135327667,20.399295252110143,101.1152609728054,101.5318600872239,5.086253615994749,True,True,good
285,101.24031058404022,101.34123043201504,101.24031058404023,101.65784793816975,20.126542142214305,18.783901465799467,101.13726557751166,101.53158880070083,9.963381245612466,True,False,ok
286,101.21459216174358,101.31006861784914,101.2145921617436,101.60957538699215,20.126542142214305,18.783901465799467,101.10616648130235,101.50036845249025,9.428625907695844,True,False,ok
287,101.35675698090881,101.20600130968215,101.11144205575653,101.50602274456566,17.126542142214305,21.783901465799467,101.03267042503462,101.42646746570992,14.884838687348768,True,True,ok
288,101.19107800179623,101.16902497332234,101.07449905646882,101.46894064247931,15.949912563223169,21.95926475288118,101.00766126307923,101.39118471374034,2.1795826585354217,True,True,good
289,101.35843575323828,101.02717690936332,100.79725433147624,101.18046677414478,20.617671679858688,20.609448661422924,100.8188823929373,101.23538835095553,32.73544352620117,False,False,bad
290,101.40232889929653,101.16871400988907,100.98470717526058,101.40232889929655,20.879440664954885,20.88236179913838,100.95747939375714,101.37997817875988,23.064993853073076,False,True,bad
291,101.22469666006187,101.02717690936332,100.76849801626383,101.19064719480096,22.4784374444342,22.472753704741912,100.80008360172883,101.25421279578026,19.532062670936288,True,False,ok
292,101.27745960156392,101.16718769487538,100.82271696250469,101.27745960156393,20.73808201043645,26.724044873913954,100.95738635135723,101.43754734124794,10.894031436943388,True,True,good
293,101.17153319361103,101.28798287573147,101.17153319361101,101.6534386651454,22.70605414753669,22.71728008837317,101.05799783336437,101.51808162338891,11.503504228678226,True,True,good
294,101.40383239289172,101.14647186392894,100.94062546129823,101.40069819702374,19.407595389429044,25.410450060478855,100.95017088382859,101.40348960113813,25.412024771198965,False,False,bad
295,101.39090369360525,101.28177846883841,100.93698949566526,101.39090369360524,22.407595389429044,22.410450060478855,101.05483035761326,101.50875549267965,10.768618064154758,True,False,ok
296,101.27607852844801,101.1400831888216,100.86409690319705,101.31767413443414,22.680706853053444,22.674836347093727,100.9106903310317,101.3694166722654,13.437203722788114,True,True,ok
297,101.33012773130395,101.21976142879294,100.87106055463913,101.33012773130396,23.937618094178493,23.92345462677636,100.9774654295263,101.4619140657804,10.89769181224634,True,True,good
298,101.33253952849763,101.07655007842207,100.63658912659785,101.11998111926488,21.84707567051869,27.82329795625565,100.85572737461425,101.35777837534431,25.294277747884728,True,False,ok
299,101.2272268407036,101.10647478518148,100.72504274035423,101.22722684070358,20.52186396063408,26.502752591588337,100.8989854530734,101.37443477384541,11.935932460854497,True,False,ok
