step,fair_price,submission_spot,internal_pool_price_y_per_x,normalizer_spot,internal_price_estimate,p_low,p_high,bid_fee_bps,ask_fee_bps,lambda_hat,arb_hat,stale_hat,inventory_signed,required_no_arb_bid_bps,required_no_arb_ask_bps
0,100.0,100.0198226225385,100.0198226225385,100.00979155016637,100.14009804574935,99.72976513693314,100.29999999999998,28.999999999999996,28.999999999999996,0.8160000000000001,0.55,7.210760513024374e-05,0.0006008966370954095,0.0,12.010715543329109
1,99.83181263869632,100.0198226225385,100.0198226225385,100.00979155016637,100.14009804574935,99.72976513693314,100.29999999999998,28.999999999999996,28.999999999999996,0.8160000000000001,0.55,7.210760513024374e-05,0.0006008966370954095,0.0,12.010715543329109
2,99.67839436360673,99.67348321488248,99.67348321488248,99.68348055522502,99.99974637964928,99.67839436360673,100.25905369640428,28.999999999999996,28.999999999999996,0.9247616000000001,0.45220000000000005,0.000179633755413985,0.001633985514379287,0.0,32.626399223868454
3,99.8426241003642,99.67348321488248,99.67348321488248,99.68348055522502,99.99974637964928,99.67839436360673,100.25905369640428,28.999999999999996,28.999999999999996,0.9247616000000001,0.45220000000000005,0.000179633755413985,0.001633985514379287,0.0,32.626399223868454
4,99.81775621291175,99.37261055780354,99.37261055780354,99.38257772034693,99.99880291759135,99.39398708188521,100.54593629128675,0.0,97.61998559161208,0.8907806720000001,0.40698000000000006,0.0005457569565862114,0.003140833226148987,0.0,62.61998559161208
5,99.83778655022516,99.37261055780354,99.37261055780354,99.53827319057449,99.99880291759135,99.39398708188521,100.54593629128675,0.0,97.61998559161208,0.8907806720000001,0.40698000000000006,0.0005457569565862114,0.003140833226148987,0.0,62.61998559161208
6,99.88589919778433,99.06879039462903,99.06879039462903,99.36689106783255,99.9978877678998,99.02176697320112,100.92388571067264,0.0,100.0,0.8595182182400002,0.36628200000000005,0.0010730876673886386,0.004667267178247696,0.0,92.91169983782544
7,99.90120370558397,99.06879039462903,99.06879039462903,99.60150009446721,99.9978877678998,99.02176697320112,100.92388571067264,0.0,100.0,0.8595182182400002,0.36628200000000005,0.0010730876673886386,0.004667267178247696,0.0,92.91169983782544
8,100.04203460294946,99.06879039462903,99.06879039462903,99.74190849914059,99.9978877678998,99.02176697320112,100.92388571067264,0.0,100.0,0.8595182182400002,0.36628200000000005,0.0010730876673886386,0.004667267178247696,0.0,92.91169983782544
9,100.0454739906732,99.06879039462903,99.06879039462903,99.5356350493726,99.9978877678998,99.02176697320112,100.92388571067264,0.0,100.0,0.8595182182400002,0.36628200000000005,0.0010730876673886386,0.004667267178247696,0.0,92.91169983782544
10,100.06520297664015,99.06879039462903,99.06879039462903,99.56518802148787,99.9978877678998,99.02176697320112,100.92388571067264,0.0,100.0,0.8595182182400002,0.36628200000000005,0.0010730876673886386,0.004667267178247696,0.0,92.91169983782544
11,99.91246127540013,99.06879039462903,99.06879039462903,99.5227626086364,99.9978877678998,99.02176697320112,100.92388571067264,0.0,100.0,0.8595182182400002,0.36628200000000005,0.0010730876673886386,0.004667267178247696,0.0,92.91169983782544
12,99.99262688241636,99.13734230213747,99.13734230213747,99.74910034746623,99.996770466895,98.1490536856356,101.82127201023448,0.0,100.0,0.8618569400756909,0.25053688800000007,0.0017291961813891115,0.004315825916548701,0.0,85.94559211710262
13,99.95253665671771,99.13734230213747,99.13734230213747,99.74910034746623,99.996770466895,98.1490536856356,101.82127201023448,0.0,100.0,0.8618569400756909,0.25053688800000007,0.0017291961813891115,0.004315825916548701,0.0,85.94559211710262
14,100.03152588873687,99.13734230213747,99.13734230213747,99.74910034746623,99.996770466895,98.1490536856356,101.82127201023448,0.0,100.0,0.8618569400756909,0.25053688800000007,0.0017291961813891115,0.004315825916548701,0.0,85.94559211710262
15,100.05654516501023,99.29267351265676,99.29267351265678,99.99474292133212,100.05400019954972,99.29267351265678,100.29562981076442,0.0,100.0,0.8195750515363023,0.3254831992000001,0.002083739725425405,0.003819109056176497,0.0,76.09157908474829
16,99.97388834514528,99.29267351265676,99.29267351265678,99.99474292133212,100.05400019954972,99.29267351265678,100.29562981076442,0.0,100.0,0.8195750515363023,0.3254831992000001,0.002083739725425405,0.003819109056176497,0.0,76.09157908474829
17,100.07719565982246,99.4406669414452,99.44066694144522,99.73988660124897,100.04412834065,98.53915281486277,101.0625821419123,0.0,95.3195219163688,0.9273270569824505,0.22263050825280004,0.0022366015212005284,0.0030250997242743014,0.0,60.3195219163688
18,100.13557486812107,99.06683086818758,99.06683086818758,99.36492564512295,100.18259537661505,99.60000468182479,100.55852372240835,0.0,100.0,1.5097629189506732,0.17349224341013555,0.002807892686407881,0.005599837999315571,0.0,111.37308873192976
19,100.11344546636744,99.13918813674017,99.13918813674019,99.84017229528277,100.03898395467223,99.11231101170378,100.11344546636745,0.0,100.0,1.5638058706390032,0.19466869449253274,0.0032789302093225643,0.004517542301367679,0.0,89.94451786313084
20,100.0115430175656,99.13918813674017,99.13918813674019,99.84017229528277,100.03898395467223,99.11231101170378,100.11344546636745,0.0,100.0,1.5638058706390032,0.19466869449253274,0.0032789302093225643,0.004517542301367679,0.0,89.94451786313084
21,99.98132429804349,99.13918813674017,99.13918813674019,99.74982403596483,100.03898395467223,99.11231101170378,100.11344546636745,0.0,100.0,1.5638058706390032,0.19466869449253274,0.0032789302093225643,0.004517542301367679,0.0,89.94451786313084
22,99.88417390966177,100.0210143993154,100.02101439931542,100.72823369304795,100.0261364133198,97.85881566016546,101.39582087293657,0.0,100.0,1.4653680676545497,0.17520182504327947,0.003085266880815913,2.560403376697952e-05,0.0,0.5120675643432993
23,99.92738125027716,99.92738125027715,99.92738125027716,100.22806544661704,100.16627107567345,99.92738125027716,100.9367487376537,0.0,100.0,1.428138622242186,0.25768164253895154,0.0030434177449249395,0.001193890074069627,0.0,23.849328005413064
24,99.75791687241569,99.75791687241566,99.75791687241568,100.05809114585328,100.02613641331982,99.75791687241568,100.76557259839967,0.0,100.0,1.393887532462811,0.3319134782850564,0.0030219184527727453,0.0013425472979093453,0.0,26.814945625394103
25,100.03476597428987,99.75791687241566,99.75791687241568,100.08746109149456,100.02613641331982,99.75791687241568,100.76557259839967,0.0,100.0,1.393887532462811,0.3319134782850564,0.0030219184527727453,0.0013425472979093453,0.0,26.814945625394103
26,100.12666195291955,100.29672608993644,100.29672608993644,101.00589486026935,100.03497522406603,98.81708410424224,101.72495683305615,0.0,100.0,1.3394536932953134,0.2270288191469786,0.002860562574060576,-0.0013065873456550138,26.097648056397915,0.0
27,99.99357893239292,99.99357893239292,99.99357893239292,100.29446231935097,100.1751222694208,99.99357893239292,101.00361508322517,0.0,100.0,1.3122973978316885,0.30432593723228074,0.0027977630493729935,0.0009069516659592728,0.0,18.12259699964347
28,100.0667984022594,99.99357893239292,99.99357893239292,100.3084723560434,100.1751222694208,99.99357893239292,101.00361508322517,0.0,100.0,1.3122973978316885,0.30432593723228074,0.0027977630493729935,0.0009069516659592728,0.0,18.12259699964347
29,100.06716708468291,99.99357893239292,99.99357893239292,100.4043608886838,100.1751222694208,99.99357893239292,101.00361508322517,0.0,100.0,1.3122973978316885,0.30432593723228074,0.0027977630493729935,0.0009069516659592728,0.0,18.12259699964347
30,99.9609806902627,99.96098069026269,99.96098069026269,100.26176598822738,100.2023856601054,99.96098069026269,100.9706875659219,0.0,100.0,1.23398027267182,0.3738933435090527,0.0027746221027009827,0.0012060397176781718,0.0,24.091738759751678
31,99.9593766071862,99.9593766071862,99.9593766071862,100.26015707842147,100.21024109551323,99.35685814793602,101.58462272459985,0.0,100.0,1.2152618508580746,0.33650400915814743,0.0027585360032678346,0.0012532595665922807,0.0,25.033817460624608
32,99.93533851370407,99.93533851370405,99.93533851370405,100.33265126411476,100.17668155789528,99.93533851370405,100.94478637747885,0.0,100.0,1.1980409027894288,0.40285360824233274,0.0027377486793621667,0.0012060397176784448,0.0,24.09173875975723
33,99.76435864217486,99.73861367023068,99.73861367023066,100.03872985981012,100.03837359404567,99.76435864217484,100.77207943654024,0.0,100.0,1.3401141518416941,0.35155186803775557,0.0026627621951367457,0.001500472741730043,0.0,29.964493928242852
34,99.71639940972189,99.75257622664627,99.75257622664627,100.45789747269323,99.95930331499035,99.71639940972187,100.72363576739583,0.0,100.0,1.4420659153615998,0.3164614777378248,0.0025509656427708085,0.0010351266475411558,0.0,20.681125366854847
35,99.78298073759346,99.75257622664627,99.75257622664627,100.1563797659899,99.95930331499035,99.71639940972187,100.72363576739583,0.0,100.0,1.4420659153615998,0.3164614777378248,0.0025509656427708085,0.0010351266475411558,0.0,20.681125366854847
36,99.81760794956308,99.95683804013683,99.95683804013683,100.66360356163273,99.96707700032142,98.95000793368888,101.50376441517639,0.0,100.0,1.366700642132672,0.2848153299640423,0.002404053418302733,5.121428410664604e-05,0.0,1.024233226761817
37,99.79267885731696,99.79267885731696,99.79267885731697,100.09295773050849,100.03367737957767,99.79267885731697,100.8006857144616,0.0,100.0,1.3373645907620584,0.3563337969676381,0.0024045350494949916,0.0012060397176786057,0.0,24.09173875976056
38,99.7554356748064,99.72842845918296,99.72842845918298,100.02851400118655,99.99843467036379,99.75543567480638,100.76306633818827,0.0,100.0,1.4400928303308531,0.31973231712586453,0.0023418012028740727,0.0013518772935701118,0.0,27.001043773421387
39,99.81790572786922,99.72842845918296,99.72842845918298,100.02851400118655,99.99843467036379,99.75543567480638,100.76306633818827,0.0,100.0,1.4400928303308531,0.31973231712586453,0.0023418012028740727,0.0013518772935701118,0.0,27.001043773421387
40,99.67022798737001,99.35079482431335,99.35079482431337,99.71648948754992,99.91509138530742,99.67022798737001,100.67699796704042,0.0,91.47761045605492,1.5766362797354279,0.22396964773470943,0.002345229527469252,0.0028318774062532446,0.0,56.477610456054926
41,99.77042467088437,99.24365548502689,99.24365548502689,99.54228233202296,99.9227994679689,99.1810734356341,101.17353032049034,0.0,100.0,1.5305053773565938,0.20157268296123848,0.0026137091305184954,0.003409931572574798,0.0,67.96686907873494
42,99.79749882275844,98.62371192465774,98.62371192465774,98.92047334469183,99.93027687630872,98.64269635626806,101.72572031301011,0.0,100.0,1.4880649471680665,0.18141541466511463,0.003246546152168701,0.0065804014290576935,0.0,130.74765651537425
43,99.6365310168946,98.64016570672564,98.64016570672565,99.33762142384393,99.79047237466777,98.64016570672565,99.6365310168946,0.0,100.0,1.4490197513946212,0.2632738731986032,0.003747403751258938,0.0057970214633401365,0.0,115.27219388472676
44,99.80715628048948,98.80908471768457,98.80908471768457,99.507734811648,99.65086346238462,98.80908471768457,99.80715628048947,0.0,100.0,1.4130981712830517,0.3369464858787429,0.004031549153901023,0.004241554794402545,0.0,84.4727998787287
45,99.86164820811699,98.8630317260358,98.8630317260358,99.56206326349265,99.621064134042,98.8630317260358,99.86164820811697,0.0,100.0,1.3800503175804077,0.40325183729086855,0.004247951519586588,0.0038191090561763364,0.0,76.09157908474606
46,99.90521017802705,99.0792555282446,99.0792555282446,99.77981592086854,99.66243772059562,98.90615807624678,99.90521017802705,0.0,93.51574632219747,1.4707241078957007,0.35182425670695416,0.004360350424050897,0.0029343726664381436,0.0,58.51574632219747
47,99.81547889023129,99.0792555282446,99.0792555282446,99.62546584539724,99.66243772059562,98.90615807624678,99.90521017802705,0.0,93.51574632219747,1.4707241078957007,0.35182425670695416,0.004360350424050897,0.0029343726664381436,0.0,58.51574632219747
48,99.95381959097979,99.4859173495733,99.4859173495733,100.12377454766663,99.65468772476282,97.67329963210418,101.16624039248433,0.0,93.51574632219747,1.3930661792640449,0.31664183103625876,0.004200428647055573,0.0008474935341616305,0.0,16.9355179412789
49,100.06466462591301,99.4859173495733,99.4859173495733,100.12377454766663,99.65468772476282,97.67329963210418,101.16624039248433,0.0,93.51574632219747,1.3930661792640449,0.31664183103625876,0.004200428647055573,0.0008474935341616305,0.0,16.9355179412789
50,100.05896070943422,99.4859173495733,99.4859173495733,100.12377454766663,99.65468772476282,97.67329963210418,101.16624039248433,0.0,93.51574632219747,1.3930661792640449,0.31664183103625876,0.004200428647055573,0.0008474935341616305,0.0,16.9355179412789
51,100.19671398514092,99.61569307681512,99.61569307681512,100.14573603952246,99.64717080461575,96.23906617709743,102.67390263664153,0.0,93.51574632219747,1.308287551589588,0.2849776479326329,0.003967359432690313,0.00015797086916990652,0.0,3.1589183663183196
52,100.2171072035316,99.61569307681512,99.61569307681512,100.03102637934202,99.64717080461575,96.23906617709743,102.67390263664153,0.0,93.51574632219747,1.308287551589588,0.2849776479326329,0.003967359432690313,0.00015797086916990652,0.0,3.1589183663183196
53,100.09681750002837,99.61569307681512,99.61569307681512,100.15284634268734,99.64717080461575,96.23906617709743,102.67390263664153,0.0,93.51574632219747,1.308287551589588,0.2849776479326329,0.003967359432690313,0.00015797086916990652,0.0,3.1589183663183196
54,100.14701855631931,99.61569307681512,99.61569307681512,99.9507121663959,99.64717080461575,96.23906617709743,102.67390263664153,0.0,93.51574632219747,1.308287551589588,0.2849776479326329,0.003967359432690313,0.00015797086916990652,0.0,3.1589183663183196
55,100.22188389555184,99.41152654101424,99.41152654101424,99.71065851656392,99.63594630435792,99.41152654101424,100.34995664996642,0.0,93.51574632219747,1.223624547462421,0.3564798831393696,0.0038646141487034716,0.001127468538713901,0.0,22.523975700310395
56,100.2127152930151,99.41152654101424,99.41152654101424,99.86946126806824,99.63594630435792,99.41152654101424,100.34995664996642,0.0,93.51574632219747,1.223624547462421,0.3564798831393696,0.0038646141487034716,0.001127468538713901,0.0,22.523975700310395
57,100.1848701987326,99.41152654101424,99.41152654101424,99.88431558813642,99.63594630435792,99.41152654101424,100.34995664996642,0.0,93.51574632219747,1.223624547462421,0.3564798831393696,0.0038646141487034716,0.001127468538713901,0.0,22.523975700310395
58,100.22345094528544,99.345559445096,99.345559445096,99.64449292386762,99.56983028888698,99.345559445096,100.28336683441833,0.0,93.51574632219747,1.152401250332094,0.4208318948254327,0.0037680335817557664,0.0011274685387133152,0.0,22.52397570029818
59,100.29814045087936,99.47761774850578,99.47761774850579,100.11542173343665,99.71027503812975,99.3601949049801,100.29814045087936,0.0,93.51574632219747,1.3073631372383108,0.363849016060596,0.0035973466027414192,0.0011680292731104378,0.0,23.33333144803662
60,100.16703963150626,99.47761774850578,99.47761774850579,100.11542173343665,99.71027503812975,99.3601949049801,100.29814045087936,0.0,93.51574632219747,1.3073631372383108,0.363849016060596,0.0035973466027414192,0.0011680292731104378,0.0,23.33333144803662
61,100.25082283968338,99.47761774850578,99.47761774850579,100.11542173343665,99.71027503812975,99.3601949049801,100.29814045087936,0.0,93.51574632219747,1.3073631372383108,0.363849016060596,0.0035973466027414192,0.0011680292731104378,0.0,23.33333144803662
62,100.16206413652532,99.65371111433163,99.65371111433161,100.29264412761064,99.71380674729662,98.11225567283877,101.5738830532801,0.0,93.51574632219747,1.2294407529259126,0.3274641144545364,0.0034176775774429325,0.0003014314147538367,0.0,6.026811624723072
63,100.17462476823738,99.65371111433163,99.65371111433161,100.29264412761064,99.71380674729662,98.11225567283877,101.5738830532801,0.0,93.51574632219747,1.2294407529259126,0.3274641144545364,0.0034176775774429325,0.0003014314147538367,0.0,6.026811624723072
64,100.30290861472479,99.65371111433163,99.65371111433161,100.05296347229853,99.71380674729662,98.11225567283877,101.5738830532801,0.0,93.51574632219747,1.2294407529259126,0.3274641144545364,0.0034176775774429325,0.0003014314147538367,0.0,6.026811624723072
65,100.14014292516185,99.65371111433163,99.65371111433161,100.16591602514123,99.71380674729662,98.11225567283877,101.5738830532801,0.0,93.51574632219747,1.2294407529259126,0.3274641144545364,0.0034176775774429325,0.0003014314147538367,0.0,6.026811624723072
66,100.21016621821643,99.65371111433163,99.65371111433161,100.16591602514123,99.71380674729662,98.11225567283877,101.5738830532801,0.0,93.51574632219747,1.2294407529259126,0.3274641144545364,0.0034176775774429325,0.0003014314147538367,0.0,6.026811624723072
67,100.10242964423365,99.65371111433163,99.65371111433161,100.16591602514123,99.71380674729662,98.11225567283877,101.5738830532801,0.0,93.51574632219747,1.2294407529259126,0.3274641144545364,0.0034176775774429325,0.0003014314147538367,0.0,6.026811624723072
68,100.12568855280581,99.89103583968917,99.89103583968915,99.40135583653567,99.71811880415854,96.46043338982089,103.31326984124954,78.87435184149413,0.0,1.1273133509663016,0.2239854542869029,0.003319832381094379,-0.0008662780814794746,17.310565865802374,0.0
69,100.02448641706145,100.01965758121729,100.01965758121729,99.52934705607284,99.83292711834582,99.23554976361905,100.02448641706145,78.87435184149413,0.0,1.2893600606534181,0.22920605073224157,0.0030966519661221104,-0.0009343409951499559,18.669376339329744,0.0
70,100.04979316535132,100.07421752787769,100.0742175278777,99.77399487529406,99.85818540107351,99.26065690657205,100.0497931653513,78.87435184149413,0.0,1.405644779524893,0.23277693870085323,0.0029082208508169932,-0.0010805258359294658,21.58719120077146,0.0
71,100.1065932140623,100.1065932140623,100.10659321406231,99.80627343442012,99.9165223728922,99.3170089485804,100.10659321406231,78.87435184149413,0.0,1.3731931971629017,0.3094992448307679,0.0028477569595175894,-0.0009502443785677925,18.98684542822049,0.0
72,99.97857251437262,100.1065932140623,100.10659321406231,99.66669507384199,99.9165223728922,99.3170089485804,100.10659321406231,78.87435184149413,0.0,1.3731931971629017,0.3094992448307679,0.0028477569595175894,-0.0009502443785677925,18.98684542822049,0.0
73,99.99031442271404,99.80157079282472,99.80157079282473,99.31232936000005,99.91035112923159,98.51154214421717,100.92510174592324,78.87435184149413,0.0,1.3033377413898697,0.27854932034769114,0.0027422538975541712,0.0005446862428639431,0.0,10.887794425439301
74,99.998971447244,99.77764217626843,99.77764217626843,99.28851804491063,99.8058302580786,99.21023604147224,99.99897144724399,78.87435184149413,0.0,1.7202266273126692,0.20256107868954376,0.0024469048995443333,0.00014123454946626517,0.0,2.824292101701875
75,99.98228289548332,99.98228289548332,99.98228289548332,99.68233604679689,99.79244808039358,99.19367911958192,99.98228289548332,78.87435184149413,0.0,1.6626084971276558,0.28230497082058936,0.0024141199653213152,-0.0009502443785678571,18.986845428222708,0.0
76,99.90901844802292,100.24646548977849,100.24646548977849,99.94572609330915,99.87315125434979,99.27553320761247,100.06478773508864,72.23964068007568,0.0,1.673487857538806,0.2690966000412831,0.0023522314580711385,-0.0018654554785901062,37.23964068007568,0.0
77,99.78002056570897,100.23095725886988,100.23095725886986,99.80631135920747,99.73342667262258,99.50689242512979,100.23095725886986,72.23964068007568,0.0,1.6196088289357016,0.3421869400371548,0.0025096697081708006,-0.0024880960122265856,49.638415101862506,0.0
78,99.68988414871204,100.23095725886988,100.23095725886986,99.80631135920747,99.73342667262258,99.50689242512979,100.23095725886986,72.23964068007568,0.0,1.6196088289357016,0.3421869400371548,0.0025096697081708006,-0.0024880960122265856,49.638415101862506,0.0
79,99.67504948404012,100.45837195470088,100.45837195470087,100.15699683883676,99.73851499629215,98.79772490947032,100.95041247928688,100.0,0.0,1.5014312956442597,0.23405586698541386,0.002715425643916246,-0.0035957450156800983,71.65723915308008,0.0
80,99.58957139687402,100.44607764698243,100.44607764698243,99.74083938867865,99.68176758087958,99.4416168705126,100.44607764698243,100.0,0.0,1.461316791992719,0.31065028028687247,0.0030107954202009354,-0.0038191090561766525,76.09157908475161,0.0
81,99.61749865442795,100.85425552239404,100.85425552239406,100.55169275582689,99.68958220207261,98.84148939678488,101.05594756286519,100.0,0.0,1.4244114486333017,0.27958525225818526,0.003527064495508702,-0.0058075747105309355,115.48083065893388,0.0
82,99.54824823535807,100.02981928870001,100.02981928870003,99.41513300890466,99.7928119612956,99.54824823535806,100.55378609632128,91.26595302418824,0.0,1.7879949713206207,0.20309959753389503,0.003564756476256165,-0.0011860885122061573,23.693667457339586,0.0
83,99.49061039623103,100.01700735628073,100.01700735628074,99.40239980619951,99.6531997758829,99.10419260678093,100.01700735628074,91.26595302418824,0.0,1.7249553736149712,0.28278963778050553,0.003569516415825499,-0.0018220423849063965,36.37457168678249,0.0
84,99.43383804117872,100.03011772067572,100.03011772067572,99.73002736751367,99.7928119612956,99.11718331818581,100.03011772067572,91.26595302418824,0.0,1.6669589437257737,0.35451067400245495,0.003497855124624754,-0.0011875802229394054,23.72343098133389,0.0
85,99.4773369390157,100.08788338463671,100.08788338463671,99.7876197344828,99.86788818672032,99.17442177830945,100.08788338463671,91.26595302418824,0.0,1.613602228227712,0.4190596066022094,0.003420010185751325,-0.001100219294434753,21.980202845428565,0.0
86,99.49035064426421,100.08788338463671,100.08788338463671,99.7876197344828,99.86788818672032,99.17442177830945,100.08788338463671,91.26595302418824,0.0,1.613602228227712,0.4190596066022094,0.003420010185751325,-0.001100219294434753,21.980202845428565,0.0
87,99.42576441344465,100.09931483497442,100.09931483497444,99.79901689046947,99.87929451049844,99.18574889842623,100.09931483497444,91.26595302418824,0.0,1.5245140499694951,0.4771536459419885,0.003346835943210222,-0.0011002192944340793,21.98020284541635,0.0
88,99.67132778902716,100.09931483497442,100.09931483497444,99.79901689046947,99.87929451049844,99.18574889842623,100.09931483497444,91.26595302418824,0.0,1.5245140499694951,0.4771536459419885,0.003346835943210222,-0.0011002192944340793,21.98020284541635,0.0
89,99.51823155850371,100.44094128826552,100.44094128826552,100.13961846440073,100.01922345021589,99.52425746533352,100.44094128826552,91.26595302418824,0.0,1.4425529259719356,0.5294382813477897,0.0033984760192562816,-0.002103748835085491,41.986647341276665,0.0
90,99.54637857434544,100.44094128826552,100.44094128826552,99.84591632331536,100.01922345021589,99.52425746533352,100.44094128826552,91.26595302418824,0.0,1.4425529259719356,0.5294382813477897,0.0033984760192562816,-0.002103748835085491,41.986647341276665,0.0
91,99.47737264894643,100.39362463190479,100.39362463190477,99.8446715278201,99.87929451049845,99.47737264894644,100.39362463190477,91.26595302418824,0.0,1.3671486918941809,0.5764944532130107,0.0035027456707198614,-0.002568146125840472,51.23135291629555,0.0
92,99.70900155017213,100.37310004661708,100.37310004661708,99.75630429613078,99.73956133423023,99.45703538324241,100.37310004661708,91.26595302418824,0.0,1.3377767965426466,0.6188450078917097,0.003672491421703812,-0.0031659101828700677,63.1183765463672,0.0
93,99.6566020307155,100.22161762184217,100.22161762184216,99.9209527689766,99.6031653232852,99.34091017896151,100.2559052528822,96.70847300534632,0.0,1.7395031307752227,0.3794603889024264,0.0037585828114807276,-0.003094972953013509,61.70847300534632,0.0
94,99.51950075643003,100.22161762184217,100.22161762184216,99.81895762931799,99.6031653232852,99.34091017896151,100.2559052528822,96.70847300534632,0.0,1.7395031307752227,0.3794603889024264,0.0037585828114807276,-0.003094972953013509,61.70847300534632,0.0
95,99.48324643001028,100.22161762184217,100.22161762184216,99.78259421264823,99.6031653232852,99.34091017896151,100.2559052528822,96.70847300534632,0.0,1.7395031307752227,0.3794603889024264,0.0037585828114807276,-0.003094972953013509,61.70847300534632,0.0
96,99.34611993915667,100.22161762184217,100.22161762184216,99.64505510447007,99.6031653232852,99.34091017896151,100.2559052528822,96.70847300534632,0.0,1.7395031307752227,0.3794603889024264,0.0037585828114807276,-0.003094972953013509,61.70847300534632,0.0
97,99.37388032449554,100.22161762184217,100.22161762184216,99.64505510447007,99.6031653232852,99.34091017896151,100.2559052528822,96.70847300534632,0.0,1.7395031307752227,0.3794603889024264,0.0037585828114807276,-0.003094972953013509,61.70847300534632,0.0
98,99.43433311412235,100.22161762184217,100.22161762184216,99.64505510447007,99.6031653232852,99.34091017896151,100.2559052528822,96.70847300534632,0.0,1.7395031307752227,0.3794603889024264,0.0037585828114807276,-0.003094972953013509,61.70847300534632,0.0
99,99.41507997406693,100.22161762184217,100.22161762184216,99.64505510447007,99.6031653232852,99.34091017896151,100.2559052528822,96.70847300534632,0.0,1.7395031307752227,0.3794603889024264,0.0037585828114807276,-0.003094972953013509,61.70847300534632,0.0
100,99.35069861072829,100.22161762184217,100.22161762184216,99.6859676722014,99.6031653232852,99.34091017896151,100.2559052528822,96.70847300534632,0.0,1.7395031307752227,0.3794603889024264,0.0037585828114807276,-0.003094972953013509,61.70847300534632,0.0
101,99.31230012895084,100.22161762184217,100.22161762184216,99.61113352953946,99.6031653232852,99.34091017896151,100.2559052528822,96.70847300534632,0.0,1.7395031307752227,0.3794603889024264,0.0037585828114807276,-0.003094972953013509,61.70847300534632,0.0
102,99.27529267715619,99.91709091027661,99.91709091027661,99.24855364229659,99.6089856340807,97.12181602322438,102.54660885104809,96.70847300534632,0.0,1.6092317692020939,0.3415143500121838,0.003718370251234334,-0.0015441855096439909,30.836093544055476,0.0
103,99.35915560828562,99.91709091027661,99.91709091027661,99.47187199207801,99.6089856340807,97.12181602322438,102.54660885104809,96.70847300534632,0.0,1.6092317692020939,0.3415143500121838,0.003718370251234334,-0.0015441855096439909,30.836093544055476,0.0
104,99.30831015373661,99.91709091027661,99.91709091027661,99.47187199207801,99.6089856340807,97.12181602322438,102.54660885104809,96.70847300534632,0.0,1.6092317692020939,0.3415143500121838,0.003718370251234334,-0.0015441855096439909,30.836093544055476,0.0
105,99.39625841518132,99.91709091027661,99.91709091027661,99.41343568594775,99.6089856340807,97.12181602322438,102.54660885104809,96.70847300534632,0.0,1.6092317692020939,0.3415143500121838,0.003718370251234334,-0.0015441855096439909,30.836093544055476,0.0
106,99.66757437725408,99.91709091027661,99.91709091027661,99.56436953077701,99.6089856340807,97.12181602322438,102.54660885104809,96.70847300534632,0.0,1.6092317692020939,0.3415143500121838,0.003718370251234334,-0.0015441855096439909,30.836093544055476,0.0
107,99.62942520424441,99.91709091027661,99.91709091027661,99.56436953077701,99.6089856340807,97.12181602322438,102.54660885104809,96.70847300534632,0.0,1.6092317692020939,0.3415143500121838,0.003718370251234334,-0.0015441855096439909,30.836093544055476,0.0
108,99.72559156345892,99.91709091027661,99.91709091027661,99.56436953077701,99.6089856340807,97.12181602322438,102.54660885104809,96.70847300534632,0.0,1.6092317692020939,0.3415143500121838,0.003718370251234334,-0.0015441855096439909,30.836093544055476,0.0
109,99.88784049439312,100.18602024023274,100.18602024023275,99.88546217951198,99.74689243444644,99.06081185515441,100.02816900333775,78.83124559028673,0.0,1.3931275747222798,0.30959581540833375,0.003575224178689564,-0.002196375773811871,43.83124559028673,0.0
110,99.88725576174753,100.19349577872664,100.19349577872664,99.89291529139045,99.8866358814428,99.40365797149843,100.19349577872664,78.83124559028673,0.0,1.3616773687444974,0.37863623386750034,0.0035447530726041444,-0.0015336850027919619,30.626728301957897,0.0
111,99.80944283212469,100.21588123158472,100.21588123158472,99.8361959190495,100.02570719095566,99.42586695704331,100.21588123158472,78.83124559028673,0.0,1.3327431792449378,0.44077261048075034,0.0034460346816425564,-0.0009497229927469558,18.97643749592892,0.0
112,99.82918781193709,100.21588123158472,100.21588123158472,99.8361959190495,100.02570719095566,99.42586695704331,100.21588123158472,78.83124559028673,0.0,1.3327431792449378,0.44077261048075034,0.0034460346816425564,-0.0009497229927469558,18.97643749592892,0.0
113,99.75052490525316,100.14601003165416,100.14601003165414,99.68280583487851,100.01953259327726,98.46012380745063,101.19884567482536,78.83124559028673,0.0,1.2661237249053428,0.3966953494326753,0.003315096313587133,-0.0006318641896017095,12.629303787230484,0.0
114,99.86101415861818,99.37106922970762,99.3710692297076,98.88436781685655,100.01354359770743,97.8085750430455,101.87297862103831,0.0,99.23873656392966,1.2448338269129156,0.3570258144894078,0.0035028662661845205,0.0032222866092276622,0.0,64.23873656392965
115,99.97615891568682,99.343483998039,99.34348399803902,99.6424112317342,99.87362260421983,99.34348399803902,100.33923791791516,0.0,99.23873656392966,1.2252471207598825,0.42132323304046704,0.0036120282269146288,0.0026611098575949686,0.0,53.08094293141386
116,100.08885045006282,99.343483998039,99.34348399803902,99.78858389871263,99.87362260421983,99.34348399803902,100.33923791791516,0.0,99.23873656392966,1.2252471207598825,0.42132323304046704,0.0036120282269146288,0.0026611098575949686,0.0,53.08094293141386
117,99.91991129381049,99.343483998039,99.34348399803902,99.78858389871263,99.87362260421983,99.34348399803902,100.33923791791516,0.0,99.23873656392966,1.2252471207598825,0.42132323304046704,0.0036120282269146288,0.0026611098575949686,0.0,53.08094293141386
118,99.91024124390898,99.343483998039,99.34348399803902,99.78858389871263,99.87362260421983,99.34348399803902,100.33923791791516,0.0,99.23873656392966,1.2252471207598825,0.42132323304046704,0.0036120282269146288,0.0026611098575949686,0.0,53.08094293141386
119,99.8443945457941,98.51850621699334,98.51850621699334,99.05854495809277,99.8726173497421,97.91688759791818,101.80112665964442,0.0,100.0,1.147227351099092,0.37919090973642033,0.0042143747276549536,0.0068254622908733775,0.0,135.58382354262542
120,99.82590754429455,98.8276484688516,98.82764846885159,99.21493394839935,99.73289351495836,98.82764846885159,99.82590754429454,0.0,100.0,1.1354491630111647,0.4412718187627783,0.004508600588292799,0.0045590379491438834,0.0,90.76694901777759
121,99.84317580879421,98.84474405070628,98.84474405070628,99.32652888964249,99.60263623794127,98.84474405070628,99.84317580879423,0.0,100.0,1.1246132299702716,0.49714463688650046,0.004696379867914938,0.0038191090561771122,0.0,76.09157908475939
122,99.65481826702141,98.84474405070628,98.84474405070628,99.35585381222035,99.60263623794127,98.84474405070628,99.84317580879423,0.0,100.0,1.1246132299702716,0.49714463688650046,0.004696379867914938,0.0038191090561771122,0.0,76.09157908475939
123,99.6716606114058,98.95275699972476,98.95275699972476,99.65242295830868,99.71147737636893,98.95275699972476,99.95227979770178,0.0,100.0,1.07464417157265,0.5474301731978505,0.0048728923907597225,0.003819109056176851,0.0,76.09157908475494
124,99.60074664081897,98.99900265789329,98.99900265789329,99.69899560597943,99.7580776231739,98.99900265789329,99.9989925837306,0.0,100.0,1.068672637846838,0.5926871558780654,0.0050388141622337785,0.0038191090561765103,0.0,76.09157908474829
125,99.64789407745049,98.99900265789329,98.99900265789329,99.69899560597943,99.7580776231739,98.99900265789329,99.9989925837306,0.0,100.0,1.068672637846838,0.5926871558780654,0.0050388141622337785,0.0038191090561765103,0.0,76.09157908474829
126,99.6283652598802,98.99900265789329,98.99900265789329,99.69899560597943,99.7580776231739,98.99900265789329,99.9989925837306,0.0,100.0,1.068672637846838,0.5926871558780654,0.0050388141622337785,0.0038191090561765103,0.0,76.09157908474829
127,99.54901074079291,98.99900265789329,98.99900265789329,99.66156458475922,99.7580776231739,98.99900265789329,99.9989925837306,0.0,100.0,1.068672637846838,0.5926871558780654,0.0050388141622337785,0.0038191090561765103,0.0,76.09157908474829
128,99.60619697747717,99.06822787698778,99.06822787698779,99.45140348226808,99.8278336267144,99.06822787698779,100.06891704746242,0.0,100.0,1.003178826819091,0.6334184402902588,0.005194780627419378,0.0038191090561763277,0.0,76.09157908474606
129,99.64435532732557,99.06822787698778,99.06822787698779,99.45140348226808,99.8278336267144,99.06822787698779,100.06891704746242,0.0,100.0,1.003178826819091,0.6334184402902588,0.005194780627419378,0.0038191090561763277,0.0,76.09157908474606
130,99.65386536988849,99.06822787698778,99.06822787698779,99.45140348226808,99.8278336267144,99.06822787698779,100.06891704746242,0.0,100.0,1.003178826819091,0.6334184402902588,0.005194780627419378,0.0038191090561763277,0.0,76.09157908474606
131,99.7646940709429,99.06822787698778,99.06822787698779,99.61902098535542,99.8278336267144,99.06822787698779,100.06891704746242,0.0,100.0,1.003178826819091,0.6334184402902588,0.005194780627419378,0.0038191090561763277,0.0,76.09157908474606
132,99.74926972292187,99.06822787698778,99.06822787698779,99.73146821569189,99.8278336267144,99.06822787698779,100.06891704746242,0.0,100.0,1.003178826819091,0.6334184402902588,0.005194780627419378,0.0038191090561763277,0.0,76.09157908474606
133,99.61085816163744,99.06822787698778,99.06822787698779,99.62390961588031,99.8278336267144,99.06822787698779,100.06891704746242,0.0,100.0,1.003178826819091,0.6334184402902588,0.005194780627419378,0.0038191090561763277,0.0,76.09157908474606
134,99.60477825900712,99.06822787698778,99.06822787698779,99.62390961588031,99.8278336267144,99.06822787698779,100.06891704746242,0.0,100.0,1.003178826819091,0.6334184402902588,0.005194780627419378,0.0038191090561763277,0.0,76.09157908474606
135,99.56218257284499,99.06822787698778,99.06822787698779,99.62390961588031,99.8278336267144,99.06822787698779,100.06891704746242,0.0,100.0,1.003178826819091,0.6334184402902588,0.005194780627419378,0.0038191090561763277,0.0,76.09157908474606
136,99.6222561789081,100.9036708648164,100.9036708648164,101.43324432422472,99.82000816805483,96.19783263310273,103.05481949132812,100.0,0.0,0.9329245206735639,0.570076596261233,0.005530953512515839,-0.005398778569538416,107.39576543388529,0.0
137,99.62126554758497,100.62754095715654,100.62754095715654,99.92102863348542,99.861850108072,99.62126554758497,100.62754095715654,100.0,0.0,0.9382905590196788,0.6130689366351096,0.00565739161668454,-0.0038191090561765454,76.0915790847494,0.0
138,99.64450138955708,100.1798833292464,100.1798833292464,99.47651403806817,99.86967884695943,98.499938130117,101.77308909423846,100.0,0.0,0.9432273142981046,0.5517620429715987,0.005504024846394289,-0.0015506381464295363,30.96474780944436,0.0
139,99.73642579158624,99.46063296300807,99.46063296300807,98.76231357410032,99.8772733100771,97.42113892863024,102.9000798937213,0.0,76.71523042840187,0.9477691291542563,0.49658583867443884,0.005424598242697282,0.0020901210154091,0.0,41.71523042840186
140,99.76152763617776,99.46063296300807,99.46063296300807,99.46224305326923,99.8772733100771,97.42113892863024,102.9000798937213,0.0,76.71523042840187,0.9477691291542563,0.49658583867443884,0.005424598242697282,0.0020901210154091,0.0,41.71523042840186
141,99.71391709072148,99.46063296300807,99.46063296300807,99.46224305326923,99.8772733100771,97.42113892863024,102.9000798937213,0.0,76.71523042840187,0.9477691291542563,0.49658583867443884,0.005424598242697282,0.0020901210154091,0.0,41.71523042840186
142,99.85406002283241,99.46063296300807,99.46063296300807,99.55449784276395,99.8772733100771,97.42113892863024,102.9000798937213,0.0,76.71523042840187,0.9477691291542563,0.49658583867443884,0.005424598242697282,0.0020901210154091,0.0,41.71523042840186
143,99.86875698332976,99.46063296300807,99.46063296300807,99.56915071237977,99.8772733100771,97.42113892863024,102.9000798937213,0.0,76.71523042840187,0.9477691291542563,0.49658583867443884,0.005424598242697282,0.0020901210154091,0.0,41.71523042840186
144,99.84992239922177,99.21353105355384,99.21353105355385,99.5120672553198,99.88464049108403,95.08525423104705,105.427945270405,0.0,100.0,0.8879475988219158,0.44692725480699497,0.005503613443582849,0.0033707463625788064,0.0,67.18845202131729
145,99.95864162970148,98.58272589329586,98.58272589329586,98.87936398525162,99.8770685414163,94.04398190868558,105.55322166352892,0.0,100.0,0.8969117909161625,0.4022345293262955,0.00595604039865881,0.0065219388733482354,0.0,129.59357608535726
146,100.07792017308684,99.10060209072573,99.10060209072573,99.80131341863995,99.83472802553273,99.07714097135596,100.07792017308682,0.0,100.0,1.1240239011614381,0.35112841805918615,0.00591497235499296,0.003690274293550378,0.0,73.53412478063204
147,99.91384352712527,99.10060209072573,99.10060209072573,99.80131341863995,99.83472802553273,99.07714097135596,100.07792017308682,0.0,100.0,1.1240239011614381,0.35112841805918615,0.00591497235499296,0.003690274293550378,0.0,73.53412478063204
148,100.099172194197,99.12612658710273,99.12612658710273,99.827018391254,99.88617627525497,99.12612658710273,100.12740059303306,0.0,100.0,1.074101989068523,0.41601557625326757,0.006018369328613062,0.0038191090561768525,0.0,76.09157908475494
149,100.03978066385694,99.12612658710273,99.12612658710273,99.827018391254,99.88617627525497,99.12612658710273,100.12740059303306,0.0,100.0,1.074101989068523,0.41601557625326757,0.006018369328613062,0.0038191090561768525,0.0,76.09157908475494
150,100.13217445642728,99.20019337872132,99.20019337872132,99.90160888745977,99.87632097475468,97.45258854377293,101.8468727648461,0.0,100.0,1.1099755873555721,0.284554654157235,0.005945298420274938,0.003396320245153751,0.0,67.69648595729261
151,100.13574039475061,99.20019337872132,99.20019337872132,99.90160888745977,99.87632097475468,97.45258854377293,101.8468727648461,0.0,100.0,1.1099755873555721,0.284554654157235,0.005945298420274938,0.003396320245153751,0.0,67.69648595729261
152,100.1668597922917,99.20019337872132,99.20019337872132,99.90160888745977,99.87632097475468,97.45258854377293,101.8468727648461,0.0,100.0,1.1099755873555721,0.284554654157235,0.005945298420274938,0.003396320245153751,0.0,67.69648595729261
153,100.11706000105177,100.23264957954656,100.23264957954656,100.94136528364436,100.0121487614017,99.3438335243425,100.34730659024495,0.0,100.0,1.6957490974696343,0.15631899747699382,0.00526459568216703,-0.0011011562845663482,21.998901462727538,0.0
154,100.27984002479009,99.62009260709333,99.62009260709331,99.9198521635841,99.87222971931864,99.62009260709331,100.62635616878113,0.0,100.0,1.6400891696720636,0.24068709772929445,0.005100387279734276,0.001263893814483643,0.0,25.245968066792692
155,100.26397999552418,99.62009260709333,99.62009260709331,99.96318805553763,99.87222971931864,99.62009260709331,100.62635616878113,0.0,100.0,1.6400891696720636,0.24068709772929445,0.005100387279734276,0.001263893814483643,0.0,25.245968066792692
156,100.26736719480742,99.62009260709333,99.62009260709331,99.966565093223,99.87222971931864,99.62009260709331,100.62635616878113,0.0,100.0,1.6400891696720636,0.24068709772929445,0.005100387279734276,0.001263893814483643,0.0,25.245968066792692
157,100.28217593040114,99.65550357356271,99.65550357356271,100.3601384473152,100.0121487614017,99.65550357356271,100.66212482178052,0.0,100.0,1.5355487027649652,0.316618387956365,0.0050087075660757265,0.0017861941264310877,0.0,35.66018651292468
158,100.42349504596429,99.74977556242794,99.74977556242793,100.45507700579869,100.0165077134965,98.66200354052998,101.6757655420858,0.0,100.0,1.4927048065437682,0.2849565491607285,0.00486841173606756,0.0013352210728180772,0.0,26.66881269566379
159,100.36697535698228,99.74977556242794,99.74977556242793,100.45507700579869,100.0165077134965,98.66200354052998,101.6757655420858,0.0,100.0,1.4927048065437682,0.2849565491607285,0.00486841173606756,0.0013352210728180772,0.0,26.66881269566379
160,100.24699791117203,99.74977556242794,99.74977556242793,100.45507700579869,100.0165077134965,98.66200354052998,101.6757655420858,0.0,100.0,1.4927048065437682,0.2849565491607285,0.00486841173606756,0.0013352210728180772,0.0,26.66881269566379
161,100.26083888659991,99.74977556242794,99.74977556242793,100.45507700579869,100.0165077134965,98.66200354052998,101.6757655420858,0.0,100.0,1.4927048065437682,0.2849565491607285,0.00486841173606756,0.0013352210728180772,0.0,26.66881269566379
162,100.22370982298413,99.74977556242794,99.74977556242793,100.45507700579869,100.0165077134965,98.66200354052998,101.6757655420858,0.0,100.0,1.4927048065437682,0.2849565491607285,0.00486841173606756,0.0013352210728180772,0.0,26.66881269566379
163,100.21073085125988,99.74977556242794,99.74977556242793,100.45507700579869,100.0165077134965,98.66200354052998,101.6757655420858,0.0,100.0,1.4927048065437682,0.2849565491607285,0.00486841173606756,0.0013352210728180772,0.0,26.66881269566379
164,100.1416271335197,99.74977556242794,99.74977556242793,100.41712797384419,100.0165077134965,98.66200354052998,101.6757655420858,0.0,100.0,1.4927048065437682,0.2849565491607285,0.00486841173606756,0.0013352210728180772,0.0,26.66881269566379
165,100.17377936535269,99.74977556242794,99.74977556242793,100.37981921482475,100.0165077134965,98.66200354052998,101.6757655420858,0.0,100.0,1.4927048065437682,0.2849565491607285,0.00486841173606756,0.0013352210728180772,0.0,26.66881269566379
166,100.21313575019522,99.94753066819911,99.9475306681991,100.24827549468313,100.02182984473902,95.98143691286883,104.51536320513632,0.0,100.0,1.3044649691758081,0.19491027962593827,0.0043548470203457175,0.000371552803636227,0.0,7.42829606849349
167,100.26775819357985,98.57136565391754,98.57136565391752,98.86796956260537,100.05098328058901,99.80785659043774,100.81601675801792,0.0,100.0,1.4164840618805599,0.2093186312641418,0.004430956532226355,0.0074494015130159045,0.0,147.8863653465512
168,100.16906076525746,99.1673701576049,99.16737015760489,99.86855358296168,99.92773608088072,99.16737015760489,100.16906076525747,0.0,100.0,1.3831653369301151,0.2883867681377276,0.00462339445521242,0.0038191090561765363,0.0,76.0915790847494
169,100.04872089662577,98.09742622047577,98.09742622047575,98.39260403257347,99.91990279091301,98.25448436334271,101.099734954733,0.0,100.0,1.352512109975706,0.25954809132395484,0.0054504565682113515,0.009203621620067633,0.0,182.3937493465022
170,100.18475324240903,99.18290570998495,99.18290570998494,99.88419898268181,99.94339075212632,99.18290570998494,100.18475324240903,0.0,100.0,1.3243111411776496,0.33359328219155937,0.005581724489038343,0.0038191090561767505,0.0,76.09157908475383
171,100.28563164665509,99.28277533018856,99.28277533018854,99.98477475171514,100.04402612275625,99.28277533018854,100.28563164665509,0.0,100.0,1.2983662498834379,0.40023395397240347,0.005705116334615729,0.0038191090561769158,0.0,76.09157908475606
172,100.26627448265552,99.28277533018856,99.28277533018854,99.82484823726337,100.04402612275625,99.28277533018854,100.28563164665509,0.0,100.0,1.2983662498834379,0.40023395397240347,0.005705116334615729,0.0038191090561769158,0.0,76.09157908475606
173,100.42599042743493,99.42173052316059,99.42173052316058,100.12471245615262,100.18404675482809,99.42173052316058,100.42599042743493,0.0,100.0,1.234496949892763,0.46021055857516313,0.005821104669458425,0.0038191090561764617,0.0,76.09157908474829
174,100.31717323088672,99.42173052316059,99.42173052316058,100.12471245615262,100.18404675482809,99.42173052316058,100.42599042743493,0.0,100.0,1.234496949892763,0.46021055857516313,0.005821104669458425,0.0038191090561764617,0.0,76.09157908474829
175,100.16732368424691,101.3814074321868,101.3814074321868,102.09824566655578,100.17619337278268,97.79805081326398,102.09330017080232,100.0,0.0,1.175737193901342,0.4141895027176468,0.0061893871706723644,-0.005979501912062911,118.8791998385197,0.0
176,100.22551098805019,101.2378898869194,101.2378898869194,100.59907367399772,100.31653826200403,100.2255109880502,101.2378898869194,100.0,0.0,1.1616782183892347,0.4727705524458822,0.0063665753472292395,-0.00457122988255362,91.00857652648675,0.0
177,100.17229384420065,101.16180944815058,101.16180944815059,100.451545991644,100.4163082843378,100.17229384420065,101.18413519616227,100.0,0.0,1.3140202895161148,0.39937505787298344,0.0062782040165298755,-0.0036983238666914117,73.69393330146856,0.0
178,100.20075002631874,101.16180944815058,101.16180944815059,100.451545991644,100.4163082843378,100.17229384420065,101.18413519616227,100.0,0.0,1.3140202895161148,0.39937505787298344,0.0062782040165298755,-0.0036983238666914117,73.69393330146856,0.0
179,100.2525855452654,101.14737106133352,101.14737106133353,100.43720897765314,100.37772474290077,100.1358973507202,101.14737106133353,100.0,0.0,1.2488986663548258,0.45943755208568515,0.006359807090457707,-0.00381910905617639,76.09157908474606,0.0
180,100.31798366808589,101.14737106133352,101.14737106133353,100.43720897765314,100.37772474290077,100.1358973507202,101.14737106133353,100.0,0.0,1.2488986663548258,0.45943755208568515,0.006359807090457707,-0.00381910905617639,76.09157908474606,0.0
181,100.34060822270138,101.14737106133352,101.14737106133353,100.43720897765314,100.37772474290077,100.1358973507202,101.14737106133353,100.0,0.0,1.2488986663548258,0.45943755208568515,0.006359807090457707,-0.00381910905617639,76.09157908474606,0.0
182,100.41587768697653,101.14737106133352,101.14737106133353,100.43720897765314,100.37772474290077,100.1358973507202,101.14737106133353,100.0,0.0,1.2488986663548258,0.45943755208568515,0.006359807090457707,-0.00381910905617639,76.09157908474606,0.0
183,100.44936701401198,101.14737106133352,101.14737106133353,100.60631577655381,100.37772474290077,100.1358973507202,101.14737106133353,100.0,0.0,1.2488986663548258,0.45943755208568515,0.006359807090457707,-0.00381910905617639,76.09157908474606,0.0
184,100.39512189757481,101.14737106133352,101.14737106133353,100.54063288906708,100.37772474290077,100.1358973507202,101.14737106133353,100.0,0.0,1.2488986663548258,0.45943755208568515,0.006359807090457707,-0.00381910905617639,76.09157908474606,0.0
185,100.41426880267512,101.14737106133352,101.14737106133353,100.54063288906708,100.37772474290077,100.1358973507202,101.14737106133353,100.0,0.0,1.2488986663548258,0.45943755208568515,0.006359807090457707,-0.00381910905617639,76.09157908474606,0.0
186,100.59707731360491,101.14737106133352,101.14737106133353,100.54063288906708,100.37772474290077,100.1358973507202,101.14737106133353,100.0,0.0,1.2488986663548258,0.45943755208568515,0.006359807090457707,-0.00381910905617639,76.09157908474606,0.0
187,100.55503724543313,101.14737106133352,101.14737106133353,100.54063288906708,100.37772474290077,100.1358973507202,101.14737106133353,100.0,0.0,1.2488986663548258,0.45943755208568515,0.006359807090457707,-0.00381910905617639,76.09157908474606,0.0
188,100.44123448471208,101.14737106133352,101.14737106133353,100.57376589241487,100.37772474290077,100.1358973507202,101.14737106133353,100.0,0.0,1.2488986663548258,0.45943755208568515,0.006359807090457707,-0.00381910905617639,76.09157908474606,0.0
189,100.56416477206665,101.14737106133352,101.14737106133353,100.57376589241487,100.37772474290077,100.1358973507202,101.14737106133353,100.0,0.0,1.2488986663548258,0.45943755208568515,0.006359807090457707,-0.00381910905617639,76.09157908474606,0.0
190,100.65707584653464,101.31990878669677,101.31990878669677,101.01594906033667,100.3855939241374,95.99916417700362,105.5059473978124,100.0,0.0,1.1562595003191671,0.4134937968771166,0.006534071548968402,-0.004632074236957289,92.21434106561843,0.0
191,100.64333897814059,101.40809431285886,101.40809431285886,101.10387002992023,100.39322761936307,94.75272610215607,106.8938402360376,100.0,0.0,1.1437587402936338,0.372144417189405,0.006745517009011896,-0.005029038877340147,100.07748398907611,0.0
192,100.56638483406408,101.40809431285886,101.40809431285886,100.86899180949256,100.39322761936307,94.75272610215607,106.8938402360376,100.0,0.0,1.1437587402936338,0.372144417189405,0.006745517009011896,-0.005029038877340147,100.07748398907611,0.0
193,100.42508879953922,101.45198789907413,101.45198789907413,101.1476319353769,100.40425891388679,94.41121993887838,107.53910717301858,100.0,0.0,1.0922580410701432,0.3349299754704645,0.006963648096035388,-0.005190470950141838,103.27338151615461,0.0
194,100.45953384422421,101.5075922228915,101.5075922228915,101.20306944622287,100.41661106730261,94.46296532262282,107.598047756265,100.0,0.0,1.0848773977845318,0.30143697792341806,0.007194186417872546,-0.005402924155758568,107.47778877399638,0.0
195,100.48532115218657,101.50032439614807,101.50032439614807,100.78768420480097,100.55729277701563,100.48532115218659,101.50032439614807,100.0,0.0,1.0780872059617694,0.3712932801310763,0.007322596355674736,-0.004667142136612781,92.90922218650799,0.0
196,100.74371043048824,101.50032439614807,101.50032439614807,100.78768420480097,100.55729277701563,100.48532115218659,101.50032439614807,100.0,0.0,1.0780872059617694,0.3712932801310763,0.007322596355674736,-0.004667142136612781,92.90922218650799,0.0
197,100.8877239782026,101.50032439614807,101.50032439614807,100.78768420480097,100.55729277701563,100.48532115218659,101.50032439614807,100.0,0.0,1.0780872059617694,0.3712932801310763,0.007322596355674736,-0.004667142136612781,92.90922218650799,0.0
198,100.8601946462896,101.48895697164885,101.48895697164885,100.77639659170744,100.69817157905469,100.47406740193236,101.48895697164885,100.0,0.0,1.0185068961514947,0.43416395211796865,0.007352581682574814,-0.003911155958653645,77.91836828267562,0.0
199,100.83770365136854,102.52892142810542,102.52892142810542,102.2213346638211,100.70662207267385,99.00733731270914,102.9924506616573,100.0,0.0,1.0170263444593752,0.3907475569061718,0.007987428446818202,-0.008966440239940542,177.73515316938048,0.0
200,100.8078007716699,101.9507656897985,101.9507656897985,101.27706865848756,100.85144502704941,100.80780077166992,101.82606138552516,100.0,0.0,1.2102181047840477,0.3432713289238215,0.007927449094806785,-0.005420654236772419,107.82858326870759,0.0
201,100.80843644938443,101.82670348422668,101.82670348422668,101.11177176467845,100.99273593064228,100.80843644938442,101.82670348422668,100.0,0.0,1.193400656401324,0.4089441960314394,0.00794522955793338,-0.004111871899411567,81.90067291273806,0.0
202,100.8340520938769,101.4729161731789,101.4729161731789,100.76046841669718,100.85144502704941,100.45818701144711,101.4729161731789,100.0,0.0,1.1779286038892183,0.4680497764282955,0.007837115846455158,-0.0030716575228153828,61.24502670928011,0.0
203,100.76967670925168,101.31941323050987,101.31941323050987,100.60804322788834,100.71226469258946,100.44372918049838,101.45831230353372,100.0,0.0,1.3256815661509032,0.3961460470769541,0.007522515426338043,-0.0030052145493317073,59.92420589123415,0.0
204,100.85848632028897,101.21193819146768,101.21193819146767,100.50132277788664,100.57136617399627,100.199818809553,101.21193819146767,100.0,0.0,1.299627040858831,0.4565314423692587,0.007452112273230619,-0.0031745541063755186,63.290164077245414,0.0
205,101.11385342474547,101.93383366016154,101.93383366016153,101.628032159181,100.57536083217713,98.71746001914767,102.73175450605865,100.0,0.0,1.2756568775901247,0.41087829813233284,0.00780998199679199,-0.006708203207216827,133.27006149042032,0.0
206,101.10849701326339,101.93383366016154,101.93383366016153,101.41273521892015,100.57536083217713,98.71746001914767,102.73175450605865,100.0,0.0,1.2756568775901247,0.41087829813233284,0.00780998199679199,-0.006708203207216827,133.27006149042032,0.0
207,101.09515386128358,101.93383366016154,101.93383366016153,101.39935191703468,100.57536083217713,98.71746001914767,102.73175450605865,100.0,0.0,1.2756568775901247,0.41087829813233284,0.00780998199679199,-0.006708203207216827,133.27006149042032,0.0
208,100.99226174670318,101.93383366016154,101.93383366016153,101.2801791546192,100.57536083217713,98.71746001914767,102.73175450605865,100.0,0.0,1.2756568775901247,0.41087829813233284,0.00780998199679199,-0.006708203207216827,133.27006149042032,0.0
209,100.8069251774055,101.89162643606122,101.8916264360612,101.585951556753,100.72103894510852,100.80692517740549,101.82517694687424,100.0,0.0,1.1840113753586736,0.35704075592251566,0.00786513665936293,-0.0057774645467029056,114.88554377795168,0.0
210,100.90678972965523,101.82598039150642,101.82598039150642,101.11105374883785,100.86214715232906,100.80772058759135,101.82598039150642,100.0,0.0,1.1692904653299798,0.42133668033026406,0.007963863069233067,-0.004755252568845736,94.65494321503786,0.0
211,100.8065234827154,101.82477119466203,101.82477119466203,101.27507313957851,100.87572030469221,99.21477709532459,103.46084807510248,100.0,0.0,1.1557472281035817,0.3792030122972377,0.008047879646412653,-0.004682035464984731,93.20432335227058,0.0
212,100.70058751335023,101.71776516500023,101.71776516500023,101.00359830827506,100.94377862776254,100.70058751335023,101.71776516500023,100.0,0.0,1.1432874498552952,0.44128271106751393,0.008023302182547558,-0.0038191090561766447,76.09157908475272,0.0
213,100.57146840192148,101.49906178371813,101.49906178371812,100.78643045725269,100.81645521029009,100.57146840192146,101.58734182012269,100.0,0.0,1.30082307401616,0.37783737437017956,0.007722626398955207,-0.0033739704377111794,67.2525008046465,0.0
214,100.44260425743187,101.45717601760796,101.45717601760796,100.74483877375312,100.68517234434208,100.44260425743188,101.45717601760796,100.0,0.0,1.2767572280948674,0.4400536369331616,0.007717564129937519,-0.003819109056176348,76.09157908474606,0.0
215,100.46331869919999,101.45717601760796,101.45717601760796,100.74483877375312,100.68517234434208,100.44260425743188,101.45717601760796,100.0,0.0,1.2767572280948674,0.4400536369331616,0.007717564129937519,-0.003819109056176348,76.09157908474606,0.0
216,100.51832882813585,101.45717601760796,101.45717601760796,100.74483877375312,100.68517234434208,100.44260425743188,101.45717601760796,100.0,0.0,1.2767572280948674,0.4400536369331616,0.007717564129937519,-0.003819109056176348,76.09157908474606,0.0
217,100.5548612863554,101.45717601760796,101.45717601760796,100.74483877375312,100.68517234434208,100.44260425743188,101.45717601760796,100.0,0.0,1.2767572280948674,0.4400536369331616,0.007717564129937519,-0.003819109056176348,76.09157908474606,0.0
218,100.40675287124307,101.2462371175584,101.24623711755838,100.53538088904996,100.65342571608716,100.40675287124307,101.42096249620512,100.0,0.0,1.375144769767084,0.28651748262333476,0.007170374289055283,-0.0029361683578425384,58.551450241346444,0.0
219,100.28999366609379,101.2462371175584,101.24623711755838,100.55076629630138,100.65342571608716,100.40675287124307,101.42096249620512,100.0,0.0,1.375144769767084,0.28651748262333476,0.007170374289055283,-0.0029361683578425384,58.551450241346444,0.0
220,100.1124388816469,101.1236756380272,101.1236756380272,100.41367992141113,100.51260951442578,100.11243888164692,101.1236756380272,100.0,0.0,1.3051331881857173,0.35786573436100133,0.007103817326059481,-0.0030305365085425643,60.42760211651399,0.0
221,100.17292061833143,101.1696350489744,101.1696350489744,100.86612614382749,100.51734285855566,98.70012007942282,102.57067355797575,100.0,0.0,1.7212315891568153,0.18603292335022292,0.006711420914944703,-0.003234180992675701,64.47509572442112,0.0
222,100.21745932912037,101.12363476426125,101.12363476426127,100.41363933462256,100.37671703959585,100.11239841661866,101.12363476426127,100.0,0.0,1.6635330620242703,0.2674296310152007,0.006753551446589433,-0.003706781243699653,73.86183520861734,0.0
223,100.1904325763522,100.82002129887742,100.82002129887742,100.11215755856432,100.34547161941572,100.10162931435737,101.11275688318926,100.0,0.0,1.6741513253086164,0.2589218676143973,0.006539776000794052,-0.002359001400177781,47.068992185085314,0.0
224,100.27792803051052,100.82002129887742,100.82002129887742,100.11215755856432,100.34547161941572,100.10162931435737,101.11275688318926,100.0,0.0,1.6741513253086164,0.2589218676143973,0.006539776000794052,-0.002359001400177781,47.068992185085314,0.0
225,100.38606027404671,100.82002129887742,100.82002129887742,100.11215755856432,100.34547161941572,100.10162931435737,101.11275688318926,100.0,0.0,1.6741513253086164,0.2589218676143973,0.006539776000794052,-0.002359001400177781,47.068992185085314,0.0
226,100.5138134175968,100.82002129887742,100.82002129887742,100.2832996786803,100.34547161941572,100.10162931435737,101.11275688318926,100.0,0.0,1.6741513253086164,0.2589218676143973,0.006539776000794052,-0.002359001400177781,47.068992185085314,0.0
227,100.70096646227155,100.82002129887742,100.82002129887742,100.27964169396604,100.34547161941572,100.10162931435737,101.11275688318926,100.0,0.0,1.6741513253086164,0.2589218676143973,0.006539776000794052,-0.002359001400177781,47.068992185085314,0.0
228,100.69314746435305,101.77106143940155,101.77106143940155,101.4657482550834,100.3552939967487,97.21635623097261,104.11367079451468,100.0,0.0,1.4558509910414632,0.17710255744824774,0.006541023838267383,-0.0070043683298889135,139.11296812953555,0.0
229,100.64602856892373,101.66265512012498,101.66265512012498,100.94887519450725,100.49588980244415,100.64602856892373,101.66265512012498,100.0,0.0,1.4193829117581462,0.259392301703423,0.006841154417049177,-0.005771535989872325,114.76833024891664,0.0
230,100.6707572674443,102.0400767962697,102.0400767962697,101.73395656588089,100.5206269850108,99.27832817847334,103.06320301061783,100.0,0.0,1.4989491774776458,0.17742433436514132,0.007195084182959747,-0.007501207207986233,148.90716069261623,0.0
231,100.68735716500092,101.52002062353371,101.52002062353371,100.80724214372955,100.66992858631892,100.6873571650009,101.70440117676858,100.0,0.0,1.8297158252112076,0.14999226597637508,0.007019612240779176,-0.004204422823868932,83.73639327430627,0.0
232,100.5102748320133,101.52002062353371,101.52002062353371,100.80724214372955,100.66992858631892,100.6873571650009,101.70440117676858,100.0,0.0,1.8297158252112076,0.14999226597637508,0.007019612240779176,-0.004204422823868932,83.73639327430627,0.0
233,100.62996777935454,101.73986512287469,101.73986512287469,101.43464552750608,100.68562912151873,98.7079701228245,103.74387553300456,100.0,0.0,1.7233385591943111,0.13499303937873758,0.007223403544252517,-0.005208019895375254,103.62073903702584,0.0
234,100.77534397713528,101.73986512287469,101.73986512287469,101.07857971628414,100.68562912151873,98.7079701228245,103.74387553300456,100.0,0.0,1.7233385591943111,0.13499303937873758,0.007223403544252517,-0.005208019895375254,103.62073903702584,0.0
235,100.82776059737272,101.7209188258057,101.7209188258057,101.00672982702875,100.82668772026841,100.70370963754763,101.7209188258057,100.0,0.0,1.6254714744587664,0.22149373544086381,0.007319792952459164,-0.004414918155717002,87.91024657068158,0.0
236,100.93288051739614,101.7209188258057,101.7209188258057,101.00672982702875,100.82668772026841,100.70370963754763,101.7209188258057,100.0,0.0,1.6254714744587664,0.22149373544086381,0.007319792952459164,-0.004414918155717002,87.91024657068158,0.0
237,100.80508017703818,101.72855178119289,101.72855178119289,101.30715920785165,100.9679439393583,100.71126626338096,101.72855178119289,100.0,0.0,1.5354337565020653,0.29934436189677743,0.007330901119694099,-0.003752446923814606,74.76837412082382,0.0
238,100.82698076375628,101.57672074940398,101.57672074940396,100.86354417443322,100.82668772026841,100.56095354190992,101.57672074940396,100.0,0.0,1.4925990559819002,0.36940992570709974,0.0073357252135675954,-0.003705634380400974,73.83906702264298,0.0
239,100.67510410861782,101.57672074940398,101.57672074940396,100.86354417443322,100.82668772026841,100.56095354190992,101.57672074940396,100.0,0.0,1.4925990559819002,0.36940992570709974,0.0073357252135675954,-0.003705634380400974,73.83906702264298,0.0
240,100.57974159439725,101.57672074940398,101.57672074940396,100.86354417443322,100.82668772026841,100.56095354190992,101.57672074940396,100.0,0.0,1.4925990559819002,0.36940992570709974,0.0073357252135675954,-0.003705634380400974,73.83906702264298,0.0
241,100.59165868675147,101.53087074331066,101.53087074331066,100.95151474626853,100.75830631523974,100.51556203587755,101.53087074331066,100.0,0.0,1.3998577981700149,0.4324689331363898,0.007353877015673256,-0.0038191090561771326,76.0915790847605,0.0
242,100.64230346243835,101.51893709445483,101.51893709445483,100.80616622217678,100.74646347140254,100.50374772351027,101.51893709445483,100.0,0.0,1.3678691743164137,0.4892220398227508,0.007370939709652537,-0.0038191090561767714,76.09157908475494,0.0
243,100.71381270001031,101.51893709445483,101.51893709445483,100.80616622217678,100.74646347140254,100.50374772351027,101.51893709445483,100.0,0.0,1.3678691743164137,0.4892220398227508,0.007370939709652537,-0.0038191090561767714,76.09157908475494,0.0
244,100.76432432067185,101.41302382891934,101.41302382891932,100.94803535995052,100.64135611662918,100.39889359063012,101.41302382891932,100.0,0.0,1.2984396403711007,0.5402998358404757,0.007386978641993009,-0.003819109056176354,76.09157908474495,0.0
245,100.87582616240792,101.41302382891934,101.41302382891932,100.94803535995052,100.64135611662918,100.39889359063012,101.41302382891932,100.0,0.0,1.2984396403711007,0.5402998358404757,0.007386978641993009,-0.003819109056176354,76.09157908474495,0.0
246,101.09325245337195,101.02767891307468,101.02767891307468,100.31835719553054,100.64924596542991,98.32296292474265,103.5541961433457,100.0,0.0,1.2345644691414128,0.48626985225642816,0.007168931975473272,-0.0018764315643584415,37.45834326950859,0.0
247,101.09381415682131,101.09381415682131,101.09381415682131,100.64230412096252,100.79025359208893,100.08287601525309,101.09381415682131,100.0,0.0,1.2157993116101,0.5376428670307853,0.0069192327582023715,-0.0015036380439387713,30.027610221677882,0.0
248,101.3103908651965,101.31039086519648,101.31039086519647,101.00645969260091,100.93145876767726,100.2972869565445,101.31039086519647,100.0,0.0,1.1985353666812921,0.5838785803277068,0.006728918038375986,-0.0018736581879916533,37.40308316680152,0.0
249,101.22002965897377,101.31039086519648,101.31039086519647,100.67288177001537,100.93145876767726,100.2972869565445,101.31039086519647,100.0,0.0,1.1985353666812921,0.5838785803277068,0.006728918038375986,-0.0018736581879916533,37.40308316680152,0.0
250,100.98153161438384,101.31039086519648,101.31039086519647,100.6785870195407,100.93145876767726,100.2972869565445,101.31039086519647,100.0,0.0,1.1985353666812921,0.5838785803277068,0.006728918038375986,-0.0018736581879916533,37.40308316680152,0.0
251,100.93887849684579,101.31039086519648,101.31039086519647,100.6785870195407,100.93145876767726,100.2972869565445,101.31039086519647,100.0,0.0,1.1985353666812921,0.5838785803277068,0.006728918038375986,-0.0018736581879916533,37.40308316680152,0.0
252,101.00526893093885,101.31039086519648,101.31039086519647,100.61497108187032,100.93145876767726,100.2972869565445,101.31039086519647,100.0,0.0,1.1985353666812921,0.5838785803277068,0.006728918038375986,-0.0018736581879916533,37.40308316680152,0.0
253,100.9745566121089,101.3403915770109,101.3403915770109,101.03637040227984,101.07286176895708,100.32698766124079,101.3403915770109,100.0,0.0,1.1186525373467888,0.6254907222949361,0.006483787173582103,-0.001321701042947772,26.399129102487873,0.0
254,100.94219092961616,101.3403915770109,101.3403915770109,100.95561869046843,101.07286176895708,100.32698766124079,101.3403915770109,100.0,0.0,1.1186525373467888,0.6254907222949361,0.006483787173582103,-0.001321701042947772,26.399129102487873,0.0
255,100.85314463167401,101.3403915770109,101.3403915770109,100.95561869046843,101.07286176895708,100.32698766124079,101.3403915770109,100.0,0.0,1.1186525373467888,0.6254907222949361,0.006483787173582103,-0.001321701042947772,26.399129102487873,0.0
256,100.80706584904324,101.3403915770109,101.3403915770109,100.95561869046843,101.07286176895708,100.32698766124079,101.3403915770109,100.0,0.0,1.1186525373467888,0.6254907222949361,0.006483787173582103,-0.001321701042947772,26.399129102487873,0.0
257,100.80147601351455,101.56938789002214,101.56938789002216,101.26467972635211,101.21446287307833,100.55369401112193,101.56938789002216,100.0,0.0,1.0491603343590459,0.6629416500654425,0.006304791685657686,-0.0017502627334878276,34.94409332545412,0.0
258,100.70055687577947,100.31368516179124,100.31368516179123,99.6093764394918,101.20983351377531,99.29371153640489,102.85824744345163,0.0,100.0,1.0452275076103223,0.5966474850588982,0.006460131781898938,0.004446867332774091,0.0,88.54360499092273
259,100.7687690830438,100.31368516179124,100.31368516179123,100.59231489751147,101.20983351377531,99.29371153640489,102.85824744345163,0.0,100.0,1.0452275076103223,0.5966474850588982,0.006460131781898938,0.004446867332774091,0.0,88.54360499092273
260,100.8604532743752,100.11807222724966,100.11807222724967,100.4797086195308,101.2053432375567,97.4958868007729,104.75495414140156,0.0,100.0,1.0016093070014966,0.5369827365530084,0.006720604424589018,0.005400618739736748,0.0,107.43217457945042
261,100.85553848220306,100.11807222724966,100.11807222724967,100.55297186675645,101.2053432375567,97.4958868007729,104.75495414140156,0.0,100.0,1.0016093070014966,0.5369827365530084,0.006720604424589018,0.005400618739736748,0.0,107.43217457945042
262,100.9437291955929,100.11807222724966,100.11807222724967,100.64089800800615,101.2053432375567,97.4958868007729,104.75495414140156,0.0,100.0,1.0016093070014966,0.5369827365530084,0.006720604424589018,0.005400618739736748,0.0,107.43217457945042
263,100.92208679436858,100.17146253203333,100.17146253203333,100.87974560044162,101.06375489199212,100.17146253203333,101.18329548690235,0.0,100.0,0.9481472291080436,0.5832844628977076,0.0068494608330980766,0.004434076556682565,0.0,88.29004630912296
264,100.941298737457,100.17146253203333,100.17146253203333,100.87974560044162,101.06375489199212,100.17146253203333,101.18329548690235,0.0,100.0,0.9481472291080436,0.5832844628977076,0.0068494608330980766,0.004434076556682565,0.0,88.29004630912296
265,100.97698608142423,100.17146253203333,100.17146253203333,100.87974560044162,101.06375489199212,100.17146253203333,101.18329548690235,0.0,100.0,0.9481472291080436,0.5832844628977076,0.0068494608330980766,0.004434076556682565,0.0,88.29004630912296
266,100.92791519659998,100.17146253203333,100.17146253203333,100.83259100599521,101.06375489199212,100.17146253203333,101.18329548690235,0.0,100.0,0.9481472291080436,0.5832844628977076,0.0068494608330980766,0.004434076556682565,0.0,88.29004630912296
267,100.88907118365368,100.32505302665093,100.32505302665093,101.03442208845554,101.09429548463967,100.32505302665093,101.33843740065751,0.0,100.0,0.8922954507794002,0.6249560166079369,0.006896788498031892,0.0038191090561769895,0.0,76.09157908475828
268,100.99146756775899,100.30634316420793,100.30634316420795,100.60816766720963,100.95286249715313,100.30634316420795,101.319538549705,0.0,100.0,0.9009118147170482,0.6624604149471431,0.006868467092091604,0.0032123714829373914,0.0,64.04170391537178
269,101.04984240042936,100.30634316420793,100.30634316420795,100.74669287322808,100.95286249715313,100.30634316420795,101.319538549705,0.0,100.0,0.9009118147170482,0.6624604149471431,0.006868467092091604,0.0032123714829373914,0.0,64.04170391537178
270,101.03272451430622,100.30634316420793,100.30634316420795,100.86133818193298,100.95286249715313,100.30634316420795,101.319538549705,0.0,100.0,0.9009118147170482,0.6624604149471431,0.006868467092091604,0.0032123714829373914,0.0,64.04170391537178
271,100.88156523604364,100.3373215714757,100.3373215714757,101.04677738056694,101.09429548463967,100.3373215714757,101.35082987017748,0.0,100.0,0.855505536206351,0.6962143734524289,0.006907317553225131,0.0037579696982380575,0.0,74.87800469206385
272,100.8611408162402,100.3373215714757,100.3373215714757,100.90364268860023,101.09429548463967,100.3373215714757,101.35082987017748,0.0,100.0,0.855505536206351,0.6962143734524289,0.006907317553225131,0.0037579696982380575,0.0,74.87800469206385
273,100.89664193913613,100.3373215714757,100.3373215714757,100.6579155194903,101.09429548463967,100.3373215714757,101.35082987017748,0.0,100.0,0.855505536206351,0.6962143734524289,0.006907317553225131,0.0037579696982380575,0.0,74.87800469206385
274,100.94256805277375,100.3373215714757,100.3373215714757,100.6579155194903,101.09429548463967,100.3373215714757,101.35082987017748,0.0,100.0,0.855505536206351,0.6962143734524289,0.006907317553225131,0.0037579696982380575,0.0,74.87800469206385
275,101.02521020505264,100.3373215714757,100.3373215714757,100.76460256937185,101.09429548463967,100.3373215714757,101.35082987017748,0.0,100.0,0.855505536206351,0.6962143734524289,0.006907317553225131,0.0037579696982380575,0.0,74.87800469206385
276,101.12272697275172,100.66880364547438,100.6688036454744,101.38060326721002,101.23592661697772,100.6688036454744,101.68566024795393,0.0,100.0,0.8030650933098429,0.726592936107186,0.006829943092180601,0.00280886421415749,0.0,56.0199319011534
277,101.21941151785603,100.7136544398742,100.71365443987419,101.42577118843896,101.37775617176435,100.71365443987419,101.730964080681,0.0,100.0,0.8188198858450555,0.7539336424964674,0.006814485357797597,0.003286145264067484,0.0,65.50763766806634
278,101.19469795335971,99.83037042825023,99.83037042825025,100.13076271639945,101.51904022890713,100.91839371004045,101.93777142428328,0.0,100.0,1.0679851500824118,0.5916906114675837,0.006859597037083315,0.008386763065983002,0.0,166.34020542838468
279,101.34719968998294,100.3337276930831,100.3337276930831,101.04315809091301,101.37701301483429,100.3337276930831,101.34719968998293,0.0,100.0,1.0625463380758189,0.6325215503208254,0.007068688981813066,0.0051721852693103814,0.0,102.9114284121313
280,101.399776768199,100.38577900051702,100.38577900051702,101.09557743789442,101.2351844997394,100.38577900051702,101.399776768199,0.0,100.0,1.0575426310297535,0.6692693952887429,0.007150116575745808,0.0042128828494627625,0.0,83.9041785145922
281,101.36759773369698,100.38577900051702,100.38577900051702,101.09557743789442,101.2351844997394,100.38577900051702,101.399776768199,0.0,100.0,1.0575426310297535,0.6692693952887429,0.007150116575745808,0.0042128828494627625,0.0,83.9041785145922
282,101.277789191103,100.42864735926636,100.42864735926636,101.13874890625114,101.17741743642141,100.40964150172589,101.42388030477362,0.0,100.0,1.098092592026951,0.5337802663775001,0.0069714831604234416,0.003714025557286017,0.0,74.00565226183598
283,101.43958602354276,100.51885300279629,100.51885300279629,101.22959236746254,101.2895814223221,100.51885300279629,101.53419495231948,0.0,100.0,1.0902451846647951,0.5804022397397501,0.007011489485717701,0.0038191090561767154,0.0,76.09157908475272
284,101.27364044980153,102.4121133169583,102.4121133169583,103.01362677720981,101.28164137791494,99.11911527610098,102.96803788794811,100.0,0.0,1.0830255698916116,0.5223620157657751,0.007256790223628486,-0.005549860577398451,110.38459244998022,0.0
285,101.24031058404022,102.47052515721526,102.47052515721526,102.1631135817436,101.4261452533877,101.24031058404023,102.26293998387902,100.0,0.0,1.2575791489542205,0.4332956187837902,0.007184287409763581,-0.005122103768170404,101.92003039168785,0.0
286,101.21459216174358,102.15993754401899,102.15993754401899,101.44266616708002,101.46114558577183,101.2145921617436,102.23696177953899,100.0,0.0,1.3828387972895488,0.3723742032481125,0.006984744269864298,-0.0034318251700966615,68.40176051850611,0.0
287,101.35675698090881,102.13299271727625,102.13299271727625,101.41591052166851,101.35584664802538,101.1116627901035,102.13299271727625,100.0,0.0,1.352211693506385,0.43513678292330127,0.007023954928592091,-0.0038191090561764947,76.0915790847494,0.0
288,101.19107800179623,102.08045376318834,102.08045376318834,101.36374044689718,101.30370747113544,101.05964922555646,102.08045376318834,100.0,0.0,1.3240347580258744,0.49162310463097114,0.007060812947796229,-0.003819109056176641,76.09157908475272,0.0
289,101.35843575323828,101.75070232171505,101.75070232171505,101.03630421113132,101.16296371755307,100.77713455744174,101.79508541155731,100.0,0.0,1.4305273423593676,0.4122702035675843,0.006764593814295793,-0.002896495911952231,57.76260907798702,0.0
290,101.40232889929653,101.75070232171505,101.75070232171505,101.09812191259866,101.16296371755307,100.77713455744174,101.79508541155731,100.0,0.0,1.4305273423593676,0.4122702035675843,0.006764593814295793,-0.002896495911952231,57.76260907798702,0.0
291,101.22469666006187,101.66116275043741,101.66116275043741,100.94739330284155,101.02143466180392,100.64455112293304,101.66116275043741,100.0,0.0,1.3560851549706183,0.47104318321082594,0.006737476039063393,-0.0031563049655039324,62.92748098936541,0.0
292,101.27745960156392,101.98539907542721,101.98539907542722,101.67944287820086,101.02533657783698,99.29746633446698,103.0403138101191,100.0,0.0,1.327598342572969,0.42393886488974336,0.006900726324541173,-0.004729121809745067,94.13724967435755,0.0
293,101.17153319361103,102.04202842513821,102.04202842513821,101.73590233986283,101.02912158038498,97.93643022200936,104.47227929851425,100.0,0.0,1.3013904751671315,0.381544978400769,0.007085240587523762,-0.004987940653931854,99.26369167546855,0.0
294,101.40383239289172,100.9070279414196,100.9070279414196,100.19855332197135,101.0804578093102,100.83482946723562,101.8533630982178,100.0,0.0,1.4142778049799336,0.33697676522612596,0.0067428332055341645,0.0008586168952300357,0.0,17.157606094125867
295,101.39090369360525,101.39090369360527,101.39090369360527,101.08673098252443,101.14663537716504,100.37699465666921,101.39090369360527,100.0,0.0,1.381135580581539,0.40327908870351337,0.006482988049492537,-0.0012060397176785677,24.09173875975945,0.0
296,101.27607852844801,101.39090369360527,101.39090369360527,101.04414465419829,101.14663537716504,100.37699465666921,101.39090369360527,100.0,0.0,1.381135580581539,0.40327908870351337,0.006482988049492537,-0.0012060397176785677,24.09173875975945,0.0
297,101.33012773130395,101.39090369360527,101.39090369360527,101.04414465419829,101.14663537716504,100.37699465666921,101.39090369360527,100.0,0.0,1.381135580581539,0.40327908870351337,0.006482988049492537,-0.0012060397176785677,24.09173875975945,0.0
298,101.33253952849763,101.23489595664563,101.23489595664563,100.52411935514462,101.1366557130773,98.14787862275583,103.69367469882577,100.0,0.0,1.2832362259586458,0.27584289667320316,0.005896948498014536,-0.00048544492917986697,9.70418773486914,0.0
299,101.2272268407036,101.23489595664563,101.23489595664563,100.92354516018148,101.1366557130773,98.14787862275583,103.69367469882577,100.0,0.0,1.2832362259586458,0.27584289667320316,0.005896948498014536,-0.00048544492917986697,9.70418773486914,0.0
