step,fair_price,submission_spot,internal_pool_price_y_per_x,internal_pool_bid_side_price_y_per_x,internal_pool_ask_side_price_y_per_x,normalizer_spot,internal_price_estimate,p_low,p_high,bid_fee_bps,ask_fee_bps,lambda_hat,arb_hat,stale_hat,inventory_signed,required_no_arb_bid_bps,required_no_arb_ask_bps
0,100.0,100.0198226225385,100.0198226225385,99.72976513693314,100.31072372133036,100.00979155016637,100.14009804574935,99.72976513693314,100.29999999999998,28.999999999999996,28.999999999999996,0.8160000000000001,0.55,7.210760513024374e-05,0.0006008966370954095,0.0,12.010715543329109
1,99.83181263869632,100.0198226225385,100.0198226225385,99.72976513693314,100.31072372133036,100.00979155016637,100.14009804574935,99.72976513693314,100.29999999999998,28.999999999999996,28.999999999999996,0.8160000000000001,0.55,7.210760513024374e-05,0.0006008966370954095,0.0,12.010715543329109
2,99.67839436360673,99.67348321488248,99.67348321488248,99.38443011355932,99.96337700820628,99.68348055522502,99.99974637964928,99.67839436360673,100.25905369640428,28.999999999999996,28.999999999999996,0.9247616000000001,0.45220000000000005,0.000179633755413985,0.001633985514379287,0.0,32.626399223868454
3,99.8426241003642,99.67348321488248,99.67348321488248,99.38443011355932,99.96337700820628,99.68348055522502,99.99974637964928,99.67839436360673,100.25905369640428,28.999999999999996,28.999999999999996,0.9247616000000001,0.45220000000000005,0.000179633755413985,0.001633985514379287,0.0,32.626399223868454
4,99.81775621291175,99.37261055780354,99.37261055780354,99.11424177035325,100.35224906861998,99.38257772034693,99.99880291759135,99.39398708188521,100.54593629128675,25.999999999999993,97.61998559161208,0.8907806720000001,0.40698000000000006,0.0005457569565862114,0.003140833226148987,0.0,62.61998559161208
5,99.83778655022516,99.37261055780354,99.37261055780354,99.11424177035325,100.35224906861998,99.53827319057449,99.99880291759135,99.39398708188521,100.54593629128675,25.999999999999993,97.61998559161208,0.8907806720000001,0.40698000000000006,0.0005457569565862114,0.003140833226148987,0.0,62.61998559161208
6,99.88589919778433,99.19819722702125,99.19819722702125,98.97004137339911,100.35195106715491,99.23799590193681,99.9978877678998,99.02176697320112,100.92388571067264,22.99999999999999,114.97074325556297,0.8595182182400002,0.36628200000000005,0.0009947648851722926,0.004014589648681745,0.0,79.97074325556297
7,99.90120370558397,99.19819722702125,99.19819722702125,98.97004137339911,100.35195106715491,99.60150009446724,99.9978877678998,99.02176697320112,100.92388571067264,22.99999999999999,114.97074325556297,0.8595182182400002,0.36628200000000005,0.0009947648851722926,0.004014589648681745,0.0,79.97074325556297
8,100.04203460294946,99.19819722702125,99.19819722702125,98.97004137339911,100.35195106715491,99.74190849914062,99.9978877678998,99.02176697320112,100.92388571067264,22.99999999999999,114.97074325556297,0.8595182182400002,0.36628200000000005,0.0009947648851722926,0.004014589648681745,0.0,79.97074325556297
9,100.0454739906732,99.19819722702125,99.19819722702125,98.97004137339911,100.35195106715491,99.53563504937259,99.9978877678998,99.02176697320112,100.92388571067264,22.99999999999999,114.97074325556297,0.8595182182400002,0.36628200000000005,0.0009947648851722926,0.004014589648681745,0.0,79.97074325556297
10,100.06520297664015,99.19819722702125,99.19819722702125,98.97004137339911,100.35195106715491,99.56518802148786,99.9978877678998,99.02176697320112,100.92388571067264,22.99999999999999,114.97074325556297,0.8595182182400002,0.36628200000000005,0.0009947648851722926,0.004014589648681745,0.0,79.97074325556297
11,99.91246127540013,99.19819722702125,99.19819722702125,98.97004137339911,100.35195106715491,99.5227626086364,99.9978877678998,99.02176697320112,100.92388571067264,22.99999999999999,114.97074325556297,0.8595182182400002,0.36628200000000005,0.0009947648851722926,0.004014589648681745,0.0,79.97074325556297
12,99.99262688241636,99.19819722702125,99.19819722702125,98.97004137339911,100.35195106715491,99.8182518098726,99.9978877678998,99.02176697320112,100.92388571067264,22.99999999999999,114.97074325556297,0.8595182182400002,0.36628200000000005,0.0009947648851722926,0.004014589648681745,0.0,79.97074325556297
13,99.95253665671771,99.19819722702125,99.19819722702125,98.97004137339911,100.35195106715491,99.8182518098726,99.9978877678998,99.02176697320112,100.92388571067264,22.99999999999999,114.97074325556297,0.8595182182400002,0.36628200000000005,0.0009947648851722926,0.004014589648681745,0.0,79.97074325556297
14,100.03152588873687,99.19819722702125,99.19819722702125,98.97004137339911,100.35195106715491,99.8182518098726,99.9978877678998,99.02176697320112,100.92388571067264,22.99999999999999,114.97074325556297,0.8595182182400002,0.36628200000000005,0.0009947648851722926,0.004014589648681745,0.0,79.97074325556297
15,100.05654516501023,99.27878913845046,99.27878913845046,99.05044792343203,100.43348032653897,100.13217988555937,100.09980145796871,99.05044792343202,100.43348032653896,22.99999999999999,114.97074325556297,0.7996456496696891,0.4296538000000001,0.0014292245014707852,0.004117855969702068,0.0,82.01937541934102
16,99.97388834514528,99.27878913845046,99.27878913845046,99.05044792343203,100.43348032653897,100.13217988555937,100.09980145796871,99.05044792343202,100.43348032653896,22.99999999999999,114.97074325556297,0.7996456496696891,0.4296538000000001,0.0014292245014707852,0.004117855969702068,0.0,82.01937541934102
17,100.07719565982246,99.60126272201907,99.60126272201907,99.43194057539164,100.43942485870386,99.70116368763794,100.08617539515356,98.45854450127797,101.03725647420838,16.999999999999986,83.44951575179834,0.9130257182029689,0.29388319920000006,0.0016547137025125463,0.0024283584270831013,0.0,48.449515751798344
18,100.13557486812107,99.21654534177696,99.21654534177696,99.107407141901,100.57956324317891,99.37576948675878,100.22396038033072,99.57061250801571,100.57950187094167,10.999999999999988,135.51638697281652,1.5017580591983113,0.21053224227212802,0.002204313552216429,0.005051205796466713,0.0,100.5163869728165
19,100.11344546636744,99.21654534177696,99.21654534177696,99.107407141901,100.57956324317891,99.86733867300553,100.22396038033072,99.57061250801571,100.57950187094167,10.999999999999988,135.51638697281652,1.5017580591983113,0.21053224227212802,0.002204313552216429,0.005051205796466713,0.0,100.5163869728165
